,STATION,NAME,DATE,AWND,PRCP,SNOW,SNWD,TAVG,TMAX,TMIN,WT01,WT02,WT03,WT04,WT06,WT08
0,USW00094728,"NY CITY CENTRAL PARK, NY US",2016-01-01,7.61,0.0,0.0,0.0,,42,34,,,,,,
1,USW00094728,"NY CITY CENTRAL PARK, NY US",2016-01-02,6.71,0.0,0.0,0.0,,40,32,,,,,,
2,USW00094728,"NY CITY CENTRAL PARK, NY US",2016-01-03,7.83,0.0,0.0,0.0,,45,35,,,,,,
3,USW00094728,"NY CITY CENTRAL PARK, NY US",2016-01-04,8.5,0.0,0.0,0.0,,36,14,,,,,,
4,USW00094728,"NY CITY CENTRAL PARK, NY US",2016-01-05,5.14,0.0,0.0,0.0,,29,11,,,,,,
5,USW00094728,"NY CITY CENTRAL PARK, NY US",2016-01-06,3.58,0.0,0.0,0.0,,41,25,,,,,,
6,USW00094728,"NY CITY CENTRAL PARK, NY US",2016-01-07,2.46,0.0,0.0,0.0,,46,31,,,,,,
7,USW00094728,"NY CITY CENTRAL PARK, NY US",2016-01-08,4.25,0.0,0.0,0.0,,46,31,,,,,,
8,USW00094728,"NY CITY CENTRAL PARK, NY US",2016-01-09,8.05,0.0,0.0,0.0,,47,40,1.0,,,,,1.0
9,USW00094728,"NY CITY CENTRAL PARK, NY US",2016-01-10,9.84,1.8,0.0,0.0,,59,40,1.0,,,,,
10,USW00094728,"NY CITY CENTRAL PARK, NY US",2016-01-11,10.51,0.0,0.0,0.0,,40,26,,,,,,
11,USW00094728,"NY CITY CENTRAL PARK, NY US",2016-01-12,6.04,0.0,0.0,0.0,,44,25,,,,,,1.0
12,USW00094728,"NY CITY CENTRAL PARK, NY US",2016-01-13,9.84,0.0,0.0,0.0,,30,22,,,,,,
13,USW00094728,"NY CITY CENTRAL PARK, NY US",2016-01-14,4.92,0.0,0.0,0.0,,38,22,,,,,,1.0
14,USW00094728,"NY CITY CENTRAL PARK, NY US",2016-01-15,5.14,0.0,0.0,0.0,,51,34,,,,,,
15,USW00094728,"NY CITY CENTRAL PARK, NY US",2016-01-16,6.71,0.24,0.0,0.0,,52,42,1.0,,,,,1.0
16,USW00094728,"NY CITY CENTRAL PARK, NY US",2016-01-17,5.59,0.05,0.4,0.0,,42,30,1.0,,,,,1.0
17,USW00094728,"NY CITY CENTRAL PARK, NY US",2016-01-18,11.86,0.0,0.0,0.0,,31,18,,,,,,1.0
18,USW00094728,"NY CITY CENTRAL PARK, NY US",2016-01-19,10.96,0.0,0.0,0.0,,28,16,,,,,,
19,USW00094728,"NY CITY CENTRAL PARK, NY US",2016-01-20,5.59,0.0,0.0,0.0,,37,27,,,,,,
20,USW00094728,"NY CITY CENTRAL PARK, NY US",2016-01-21,6.04,0.0,0.0,0.0,,36,26,,,,,,
21,USW00094728,"NY CITY CENTRAL PARK, NY US",2016-01-22,6.49,0.01,0.2,0.0,,30,21,,,,,,1.0
22,USW00094728,"NY CITY CENTRAL PARK, NY US",2016-01-23,15.66,2.31,27.3,5.9,,27,24,1.0,1.0,,,,1.0
23,USW00094728,"NY CITY CENTRAL PARK, NY US",2016-01-24,5.82,0.0,0.0,22.0,,35,20,,,,,,1.0
24,USW00094728,"NY CITY CENTRAL PARK, NY US",2016-01-25,3.36,0.0,0.0,18.9,,39,28,,,,,,
25,USW00094728,"NY CITY CENTRAL PARK, NY US",2016-01-26,6.49,0.0,0.0,16.9,,48,38,,,,,,
26,USW00094728,"NY CITY CENTRAL PARK, NY US",2016-01-27,6.71,0.0,0.0,9.1,,47,34,,,,,,
27,USW00094728,"NY CITY CENTRAL PARK, NY US",2016-01-28,4.47,0.0,0.0,5.9,,42,32,,,,,,
28,USW00094728,"NY CITY CENTRAL PARK, NY US",2016-01-29,7.83,0.0,0.0,5.9,,41,30,,,,,,
29,USW00094728,"NY CITY CENTRAL PARK, NY US",2016-01-30,6.93,0.0,0.0,5.9,,39,28,,,,,,
30,USW00094728,"NY CITY CENTRAL PARK, NY US",2016-01-31,5.14,0.0,0.0,3.9,,56,36,,,,,,
31,USW00094728,"NY CITY CENTRAL PARK, NY US",2016-02-01,5.82,0.01,0.0,2.0,,59,44,,,,,,
32,USW00094728,"NY CITY CENTRAL PARK, NY US",2016-02-02,3.58,0.0,0.0,0.0,,50,38,,,,,,
33,USW00094728,"NY CITY CENTRAL PARK, NY US",2016-02-03,6.49,0.73,0.0,0.0,,59,42,1.0,,,,,
34,USW00094728,"NY CITY CENTRAL PARK, NY US",2016-02-04,5.82,0.0,0.0,0.0,,59,44,1.0,,,,,
35,USW00094728,"NY CITY CENTRAL PARK, NY US",2016-02-05,8.28,0.53,2.5,1.2,,44,31,1.0,1.0,,,,1.0
36,USW00094728,"NY CITY CENTRAL PARK, NY US",2016-02-06,5.59,0.0,0.0,0.0,,40,30,,,,,,
37,USW00094728,"NY CITY CENTRAL PARK, NY US",2016-02-07,5.37,0.0,0.0,0.0,,47,33,,,,,,
38,USW00094728,"NY CITY CENTRAL PARK, NY US",2016-02-08,10.51,0.05,0.1,0.0,,39,28,1.0,,,,,1.0
39,USW00094728,"NY CITY CENTRAL PARK, NY US",2016-02-09,4.03,0.0,0.0,0.0,,36,27,,,,,,1.0
40,USW00094728,"NY CITY CENTRAL PARK, NY US",2016-02-10,5.82,0.01,0.0,0.0,,39,31,1.0,,,,,1.0
41,USW00094728,"NY CITY CENTRAL PARK, NY US",2016-02-11,10.07,0.0,0.0,0.0,,31,18,,,,,,1.0
42,USW00094728,"NY CITY CENTRAL PARK, NY US",2016-02-12,6.71,0.0,0.0,0.0,,27,15,,,,,,
43,USW00094728,"NY CITY CENTRAL PARK, NY US",2016-02-13,12.3,0.0,0.0,0.0,,22,6,,,,,,
44,USW00094728,"NY CITY CENTRAL PARK, NY US",2016-02-14,6.26,0.0,0.0,0.0,,15,-1,,,,,,
45,USW00094728,"NY CITY CENTRAL PARK, NY US",2016-02-15,5.37,0.44,1.4,0.0,,35,13,1.0,,,,1.0,1.0
46,USW00094728,"NY CITY CENTRAL PARK, NY US",2016-02-16,7.83,1.01,0.0,0.0,,54,35,1.0,1.0,,,,1.0
47,USW00094728,"NY CITY CENTRAL PARK, NY US",2016-02-17,7.38,0.0,0.0,0.0,,39,35,,,,,,
48,USW00094728,"NY CITY CENTRAL PARK, NY US",2016-02-18,7.16,0.0,0.0,0.0,,36,27,,,,,,
49,USW00094728,"NY CITY CENTRAL PARK, NY US",2016-02-19,5.37,0.0,0.0,0.0,,39,24,,,,,,
50,USW00094728,"NY CITY CENTRAL PARK, NY US",2016-02-20,7.38,0.0,0.0,0.0,,61,39,,,,,,
51,USW00094728,"NY CITY CENTRAL PARK, NY US",2016-02-21,4.92,0.03,0.0,0.0,,55,44,,,,,,
52,USW00094728,"NY CITY CENTRAL PARK, NY US",2016-02-22,5.14,0.0,0.0,0.0,,52,38,,,,,,
53,USW00094728,"NY CITY CENTRAL PARK, NY US",2016-02-23,14.54,0.3,0.0,0.0,,40,35,1.0,,,1.0,,1.0
54,USW00094728,"NY CITY CENTRAL PARK, NY US",2016-02-24,10.51,1.22,0.0,0.0,,60,36,1.0,,,,,
55,USW00094728,"NY CITY CENTRAL PARK, NY US",2016-02-25,8.95,0.02,0.0,0.0,,61,37,1.0,,,,,
56,USW00094728,"NY CITY CENTRAL PARK, NY US",2016-02-26,8.72,0.0,0.0,0.0,,39,27,,,,,,
57,USW00094728,"NY CITY CENTRAL PARK, NY US",2016-02-27,6.04,0.0,0.0,0.0,,41,26,,,,,,
58,USW00094728,"NY CITY CENTRAL PARK, NY US",2016-02-28,7.38,0.0,0.0,0.0,,60,38,,,,,,
59,USW00094728,"NY CITY CENTRAL PARK, NY US",2016-02-29,8.5,0.05,0.0,0.0,,61,47,,,,,,
60,USW00094728,"NY CITY CENTRAL PARK, NY US",2016-03-01,7.61,0.0,0.0,0.0,,52,39,,,,,,
61,USW00094728,"NY CITY CENTRAL PARK, NY US",2016-03-02,10.51,0.14,0.0,0.0,,55,29,1.0,,,,,1.0
62,USW00094728,"NY CITY CENTRAL PARK, NY US",2016-03-03,5.82,0.0,0.0,0.0,,36,26,,,,,,
63,USW00094728,"NY CITY CENTRAL PARK, NY US",2016-03-04,8.72,0.11,0.4,0.0,,39,30,1.0,,,,,1.0
64,USW00094728,"NY CITY CENTRAL PARK, NY US",2016-03-05,4.25,0.0,0.0,0.0,,41,28,,,,,,
65,USW00094728,"NY CITY CENTRAL PARK, NY US",2016-03-06,3.36,0.0,0.0,0.0,,44,32,,,,,,
66,USW00094728,"NY CITY CENTRAL PARK, NY US",2016-03-07,7.83,0.0,0.0,0.0,,60,36,,,,,,1.0
67,USW00094728,"NY CITY CENTRAL PARK, NY US",2016-03-08,3.36,0.0,0.0,0.0,,67,47,,,,,,1.0
68,USW00094728,"NY CITY CENTRAL PARK, NY US",2016-03-09,2.24,0.0,0.0,0.0,,77,44,,,,,,1.0
69,USW00094728,"NY CITY CENTRAL PARK, NY US",2016-03-10,4.92,0.0,0.0,0.0,,79,63,,,,,,
70,USW00094728,"NY CITY CENTRAL PARK, NY US",2016-03-11,6.04,0.06,0.0,0.0,,68,48,1.0,,,,,
71,USW00094728,"NY CITY CENTRAL PARK, NY US",2016-03-12,5.14,0.0,0.0,0.0,,59,40,,,,,,
72,USW00094728,"NY CITY CENTRAL PARK, NY US",2016-03-13,3.58,0.0,0.0,0.0,,62,50,,,,,,
73,USW00094728,"NY CITY CENTRAL PARK, NY US",2016-03-14,14.09,0.29,0.0,0.0,,51,40,1.0,,,,,1.0
74,USW00094728,"NY CITY CENTRAL PARK, NY US",2016-03-15,5.37,0.0,0.0,0.0,,57,44,1.0,,,,,1.0
75,USW00094728,"NY CITY CENTRAL PARK, NY US",2016-03-16,3.58,0.02,0.0,0.0,,65,48,,,,,,
76,USW00094728,"NY CITY CENTRAL PARK, NY US",2016-03-17,4.92,0.0,0.0,0.0,,63,45,,,,,,
77,USW00094728,"NY CITY CENTRAL PARK, NY US",2016-03-18,8.72,0.0,0.0,0.0,,57,42,,,,,,
78,USW00094728,"NY CITY CENTRAL PARK, NY US",2016-03-19,5.14,0.0,0.0,0.0,,46,36,,,,,,
79,USW00094728,"NY CITY CENTRAL PARK, NY US",2016-03-20,9.62,0.07,0.0,0.0,,43,32,1.0,,,,,
80,USW00094728,"NY CITY CENTRAL PARK, NY US",2016-03-21,8.05,0.06,0.5,0.0,,50,32,1.0,,,,,
81,USW00094728,"NY CITY CENTRAL PARK, NY US",2016-03-22,6.93,0.0,0.0,0.0,,56,35,,,,,,
82,USW00094728,"NY CITY CENTRAL PARK, NY US",2016-03-23,6.04,0.0,0.0,0.0,,71,48,,,,,,
83,USW00094728,"NY CITY CENTRAL PARK, NY US",2016-03-24,9.17,0.0,0.0,0.0,,55,44,1.0,,,,,1.0
84,USW00094728,"NY CITY CENTRAL PARK, NY US",2016-03-25,3.8,0.04,0.0,0.0,,72,44,1.0,,,,,1.0
85,USW00094728,"NY CITY CENTRAL PARK, NY US",2016-03-26,6.49,0.0,0.0,0.0,,55,38,,,,,,
86,USW00094728,"NY CITY CENTRAL PARK, NY US",2016-03-27,5.59,0.0,0.0,0.0,,55,43,,,,,,
87,USW00094728,"NY CITY CENTRAL PARK, NY US",2016-03-28,10.07,0.38,0.0,0.0,,62,42,1.0,,,,,1.0
88,USW00094728,"NY CITY CENTRAL PARK, NY US",2016-03-29,11.63,0.0,0.0,0.0,,53,40,,,,,,
89,USW00094728,"NY CITY CENTRAL PARK, NY US",2016-03-30,5.37,0.0,0.0,0.0,,56,37,,,,,,
90,USW00094728,"NY CITY CENTRAL PARK, NY US",2016-03-31,6.71,0.0,0.0,0.0,,73,49,,,,,,
91,USW00094728,"NY CITY CENTRAL PARK, NY US",2016-04-01,6.71,0.02,0.0,0.0,,79,61,,,,,,
92,USW00094728,"NY CITY CENTRAL PARK, NY US",2016-04-02,4.92,0.16,0.0,0.0,,61,49,,,,,,
93,USW00094728,"NY CITY CENTRAL PARK, NY US",2016-04-03,12.75,0.09,0.0,0.0,,50,34,,,,,,
94,USW00094728,"NY CITY CENTRAL PARK, NY US",2016-04-04,7.16,0.47,0.0,0.0,,45,29,1.0,,,,,
95,USW00094728,"NY CITY CENTRAL PARK, NY US",2016-04-05,8.28,0.0,0.0,0.0,,43,26,,,,,,
96,USW00094728,"NY CITY CENTRAL PARK, NY US",2016-04-06,6.04,0.0,0.0,0.0,,48,30,,,,,,
97,USW00094728,"NY CITY CENTRAL PARK, NY US",2016-04-07,6.93,0.09,0.0,0.0,,58,48,,,,,,
98,USW00094728,"NY CITY CENTRAL PARK, NY US",2016-04-08,7.16,0.01,0.0,0.0,,50,40,,,,,,
99,USW00094728,"NY CITY CENTRAL PARK, NY US",2016-04-09,6.49,0.11,0.0,0.0,,43,36,,,,,,
100,USW00094728,"NY CITY CENTRAL PARK, NY US",2016-04-10,4.92,0.0,0.0,0.0,,50,31,,,,,,
101,USW00094728,"NY CITY CENTRAL PARK, NY US",2016-04-11,6.93,0.01,0.0,0.0,,65,43,,,,,,
102,USW00094728,"NY CITY CENTRAL PARK, NY US",2016-04-12,5.82,0.2,0.0,0.0,,59,45,1.0,,,,,
103,USW00094728,"NY CITY CENTRAL PARK, NY US",2016-04-13,4.47,0.0,0.0,0.0,,58,40,,,,,,
104,USW00094728,"NY CITY CENTRAL PARK, NY US",2016-04-14,6.49,0.0,0.0,0.0,,62,43,,,,,,
105,USW00094728,"NY CITY CENTRAL PARK, NY US",2016-04-15,3.8,0.0,0.0,0.0,,65,42,,,,,,
106,USW00094728,"NY CITY CENTRAL PARK, NY US",2016-04-16,4.92,0.0,0.0,0.0,,68,43,,,,,,
107,USW00094728,"NY CITY CENTRAL PARK, NY US",2016-04-17,2.91,0.0,0.0,0.0,,75,44,,,,,,
108,USW00094728,"NY CITY CENTRAL PARK, NY US",2016-04-18,3.8,0.0,0.0,0.0,,82,51,,,,,,
109,USW00094728,"NY CITY CENTRAL PARK, NY US",2016-04-19,7.61,0.0,0.0,0.0,,73,55,,,,,,
110,USW00094728,"NY CITY CENTRAL PARK, NY US",2016-04-20,6.04,0.0,0.0,0.0,,69,49,,,,,,
111,USW00094728,"NY CITY CENTRAL PARK, NY US",2016-04-21,5.59,0.0,0.0,0.0,,73,49,,,,,,
112,USW00094728,"NY CITY CENTRAL PARK, NY US",2016-04-22,4.25,0.0,0.0,0.0,,79,62,,,,,,
113,USW00094728,"NY CITY CENTRAL PARK, NY US",2016-04-23,7.16,0.16,0.0,0.0,,71,54,1.0,,,,,1.0
114,USW00094728,"NY CITY CENTRAL PARK, NY US",2016-04-24,5.82,0.0,0.0,0.0,,68,47,,,,,,
115,USW00094728,"NY CITY CENTRAL PARK, NY US",2016-04-25,4.03,0.0,0.0,0.0,,69,50,,,,,,
116,USW00094728,"NY CITY CENTRAL PARK, NY US",2016-04-26,7.16,0.24,0.0,0.0,,60,47,1.0,,,,,1.0
117,USW00094728,"NY CITY CENTRAL PARK, NY US",2016-04-27,4.25,0.0,0.0,0.0,,62,46,,,,,,
118,USW00094728,"NY CITY CENTRAL PARK, NY US",2016-04-28,4.7,0.0,0.0,0.0,,59,48,,,,,,
119,USW00094728,"NY CITY CENTRAL PARK, NY US",2016-04-29,5.82,0.05,0.0,0.0,,58,45,1.0,,,,,
120,USW00094728,"NY CITY CENTRAL PARK, NY US",2016-04-30,5.82,0.0,0.0,0.0,,65,46,,,,,,
121,USW00094728,"NY CITY CENTRAL PARK, NY US",2016-05-01,4.92,0.16,0.0,0.0,,51,45,1.0,,,,,1.0
122,USW00094728,"NY CITY CENTRAL PARK, NY US",2016-05-02,2.24,0.04,0.0,0.0,,60,45,1.0,,,,,1.0
123,USW00094728,"NY CITY CENTRAL PARK, NY US",2016-05-03,6.04,0.61,0.0,0.0,,56,51,1.0,,,,,1.0
124,USW00094728,"NY CITY CENTRAL PARK, NY US",2016-05-04,8.72,0.01,0.0,0.0,,52,48,1.0,,,,,1.0
125,USW00094728,"NY CITY CENTRAL PARK, NY US",2016-05-05,8.28,0.0,0.0,0.0,,57,46,1.0,,,,,1.0
126,USW00094728,"NY CITY CENTRAL PARK, NY US",2016-05-06,7.83,0.54,0.0,0.0,,54,48,1.0,,,,,1.0
127,USW00094728,"NY CITY CENTRAL PARK, NY US",2016-05-07,4.47,0.0,0.0,0.0,,60,48,1.0,,,,,
128,USW00094728,"NY CITY CENTRAL PARK, NY US",2016-05-08,4.7,0.16,0.0,0.0,,66,49,1.0,,,,,
129,USW00094728,"NY CITY CENTRAL PARK, NY US",2016-05-09,5.14,0.0,0.0,0.0,,72,52,,,,,,
130,USW00094728,"NY CITY CENTRAL PARK, NY US",2016-05-10,4.92,0.0,0.0,0.0,,63,50,,,,,,
131,USW00094728,"NY CITY CENTRAL PARK, NY US",2016-05-11,2.46,0.0,0.0,0.0,,76,50,,,,,,
132,USW00094728,"NY CITY CENTRAL PARK, NY US",2016-05-12,3.36,0.0,0.0,0.0,,80,56,,,,,,
133,USW00094728,"NY CITY CENTRAL PARK, NY US",2016-05-13,,0.25,0.0,0.0,,65,57,,,,,,
134,USW00094728,"NY CITY CENTRAL PARK, NY US",2016-05-14,,0.0,0.0,0.0,,73,56,,,,,,
135,USW00094728,"NY CITY CENTRAL PARK, NY US",2016-05-15,,0.0,0.0,0.0,,59,46,,,,,,
136,USW00094728,"NY CITY CENTRAL PARK, NY US",2016-05-16,,0.0,0.0,0.0,,66,43,,,,,,
137,USW00094728,"NY CITY CENTRAL PARK, NY US",2016-05-17,3.8,0.0,0.0,0.0,,64,52,,,,,,
138,USW00094728,"NY CITY CENTRAL PARK, NY US",2016-05-18,,0.0,0.0,0.0,,68,52,,,,,,
139,USW00094728,"NY CITY CENTRAL PARK, NY US",2016-05-19,1.34,0.0,0.0,0.0,,73,54,,,,,,
140,USW00094728,"NY CITY CENTRAL PARK, NY US",2016-05-20,4.47,0.0,0.0,0.0,,76,53,,,,,,
141,USW00094728,"NY CITY CENTRAL PARK, NY US",2016-05-21,3.8,0.04,0.0,0.0,,66,54,,,,,,
142,USW00094728,"NY CITY CENTRAL PARK, NY US",2016-05-22,3.58,0.09,0.0,0.0,,70,52,1.0,,,,,
143,USW00094728,"NY CITY CENTRAL PARK, NY US",2016-05-23,2.46,0.02,0.0,0.0,,78,56,,,,,,1.0
144,USW00094728,"NY CITY CENTRAL PARK, NY US",2016-05-24,2.01,0.18,0.0,0.0,,73,58,1.0,,,,,1.0
145,USW00094728,"NY CITY CENTRAL PARK, NY US",2016-05-25,4.25,0.0,0.0,0.0,,88,61,,,,,,
146,USW00094728,"NY CITY CENTRAL PARK, NY US",2016-05-26,3.58,0.0,0.0,0.0,,90,69,,,,,,
147,USW00094728,"NY CITY CENTRAL PARK, NY US",2016-05-27,3.8,0.0,0.0,0.0,,87,73,,,,,,1.0
148,USW00094728,"NY CITY CENTRAL PARK, NY US",2016-05-28,4.47,0.0,0.0,0.0,,92,71,,,,,,1.0
149,USW00094728,"NY CITY CENTRAL PARK, NY US",2016-05-29,4.92,0.0,0.0,0.0,,87,70,1.0,,,,,
150,USW00094728,"NY CITY CENTRAL PARK, NY US",2016-05-30,3.13,1.65,0.0,0.0,,82,68,1.0,,,,,1.0
151,USW00094728,"NY CITY CENTRAL PARK, NY US",2016-05-31,3.13,0.0,0.0,0.0,,85,71,1.0,,,,,1.0
152,USW00094728,"NY CITY CENTRAL PARK, NY US",2016-06-01,6.04,0.0,0.0,0.0,,83,66,,,,,,
153,USW00094728,"NY CITY CENTRAL PARK, NY US",2016-06-02,4.7,0.0,0.0,0.0,,78,62,,,,,,1.0
154,USW00094728,"NY CITY CENTRAL PARK, NY US",2016-06-03,1.34,0.04,0.0,0.0,,70,63,1.0,,,,,1.0
155,USW00094728,"NY CITY CENTRAL PARK, NY US",2016-06-04,2.46,0.4,0.0,0.0,,83,66,1.0,,,,,1.0
156,USW00094728,"NY CITY CENTRAL PARK, NY US",2016-06-05,3.36,0.91,0.0,0.0,,71,65,1.0,,,,,
157,USW00094728,"NY CITY CENTRAL PARK, NY US",2016-06-06,5.59,0.0,0.0,0.0,,83,65,1.0,,,,,1.0
158,USW00094728,"NY CITY CENTRAL PARK, NY US",2016-06-07,5.14,0.0,0.0,0.0,,85,64,,,,,,
159,USW00094728,"NY CITY CENTRAL PARK, NY US",2016-06-08,7.61,0.45,0.0,0.0,,67,52,1.0,,,,,
160,USW00094728,"NY CITY CENTRAL PARK, NY US",2016-06-09,8.95,0.0,0.0,0.0,,71,54,,,,,,
161,USW00094728,"NY CITY CENTRAL PARK, NY US",2016-06-10,5.37,0.0,0.0,0.0,,77,57,,,,,,1.0
162,USW00094728,"NY CITY CENTRAL PARK, NY US",2016-06-11,3.36,0.0,0.0,0.0,,88,59,,,,,,
163,USW00094728,"NY CITY CENTRAL PARK, NY US",2016-06-12,8.05,0.0,0.0,0.0,,83,62,,,,,,1.0
164,USW00094728,"NY CITY CENTRAL PARK, NY US",2016-06-13,7.38,0.0,0.0,0.0,,74,57,,,,,,
165,USW00094728,"NY CITY CENTRAL PARK, NY US",2016-06-14,4.25,0.0,0.0,0.0,,79,58,,,,,,
166,USW00094728,"NY CITY CENTRAL PARK, NY US",2016-06-15,2.46,0.0,0.0,0.0,,85,62,,,,,,1.0
167,USW00094728,"NY CITY CENTRAL PARK, NY US",2016-06-16,1.79,0.22,0.0,0.0,,74,65,1.0,,,,,1.0
168,USW00094728,"NY CITY CENTRAL PARK, NY US",2016-06-17,4.7,0.0,0.0,0.0,,78,63,,,,,,
169,USW00094728,"NY CITY CENTRAL PARK, NY US",2016-06-18,2.68,0.0,0.0,0.0,,87,61,,,,,,
170,USW00094728,"NY CITY CENTRAL PARK, NY US",2016-06-19,2.91,0.0,0.0,0.0,,88,66,,,,,,
171,USW00094728,"NY CITY CENTRAL PARK, NY US",2016-06-20,3.13,0.0,0.0,0.0,,84,64,,,,,,
172,USW00094728,"NY CITY CENTRAL PARK, NY US",2016-06-21,4.92,0.0,0.0,0.0,,87,72,,,,,,1.0
173,USW00094728,"NY CITY CENTRAL PARK, NY US",2016-06-22,4.03,0.0,0.0,0.0,,86,68,,,,,,
174,USW00094728,"NY CITY CENTRAL PARK, NY US",2016-06-23,2.01,0.0,0.0,0.0,,83,69,,,,,,
175,USW00094728,"NY CITY CENTRAL PARK, NY US",2016-06-24,6.26,0.0,0.0,0.0,,84,67,,,,,,1.0
176,USW00094728,"NY CITY CENTRAL PARK, NY US",2016-06-25,3.58,0.0,0.0,0.0,,86,64,,,,,,
177,USW00094728,"NY CITY CENTRAL PARK, NY US",2016-06-26,2.46,0.0,0.0,0.0,,87,67,,,,,,
178,USW00094728,"NY CITY CENTRAL PARK, NY US",2016-06-27,4.92,0.45,0.0,0.0,,83,67,1.0,,,,,
179,USW00094728,"NY CITY CENTRAL PARK, NY US",2016-06-28,3.58,0.12,0.0,0.0,,76,68,1.0,,,,,1.0
180,USW00094728,"NY CITY CENTRAL PARK, NY US",2016-06-29,2.24,0.01,0.0,0.0,,83,67,1.0,,,,,
181,USW00094728,"NY CITY CENTRAL PARK, NY US",2016-06-30,2.91,0.0,0.0,0.0,,85,67,,,,,,
182,USW00094728,"NY CITY CENTRAL PARK, NY US",2016-07-01,3.36,0.83,0.0,0.0,,79,66,1.0,,,,,1.0
183,USW00094728,"NY CITY CENTRAL PARK, NY US",2016-07-02,5.37,0.0,0.0,0.0,,76,63,1.0,,,,,
184,USW00094728,"NY CITY CENTRAL PARK, NY US",2016-07-03,3.13,0.0,0.0,0.0,,78,64,,,,,,
185,USW00094728,"NY CITY CENTRAL PARK, NY US",2016-07-04,3.13,0.49,0.0,0.0,,84,66,1.0,,,,,
186,USW00094728,"NY CITY CENTRAL PARK, NY US",2016-07-05,2.91,0.66,0.0,0.0,,86,69,1.0,,,,,
187,USW00094728,"NY CITY CENTRAL PARK, NY US",2016-07-06,2.46,0.0,0.0,0.0,,91,75,,,,,,
188,USW00094728,"NY CITY CENTRAL PARK, NY US",2016-07-07,2.01,0.04,0.0,0.0,,89,77,1.0,,,,,1.0
189,USW00094728,"NY CITY CENTRAL PARK, NY US",2016-07-08,5.37,0.08,0.0,0.0,,86,67,1.0,,,,,1.0
190,USW00094728,"NY CITY CENTRAL PARK, NY US",2016-07-09,4.03,0.53,0.0,0.0,,72,65,1.0,,,,,1.0
191,USW00094728,"NY CITY CENTRAL PARK, NY US",2016-07-10,4.25,0.0,0.0,0.0,,80,66,1.0,,,,,
192,USW00094728,"NY CITY CENTRAL PARK, NY US",2016-07-11,3.36,0.0,0.0,0.0,,81,65,,,,,,
193,USW00094728,"NY CITY CENTRAL PARK, NY US",2016-07-12,4.25,0.0,0.0,0.0,,82,68,,,,,,
194,USW00094728,"NY CITY CENTRAL PARK, NY US",2016-07-13,4.7,0.0,0.0,0.0,,85,71,,,,,,
195,USW00094728,"NY CITY CENTRAL PARK, NY US",2016-07-14,2.91,0.62,0.0,0.0,,88,73,1.0,,,,,1.0
196,USW00094728,"NY CITY CENTRAL PARK, NY US",2016-07-15,4.47,0.0,0.0,0.0,,88,79,,,,,,
197,USW00094728,"NY CITY CENTRAL PARK, NY US",2016-07-16,4.25,0.0,0.0,0.0,,90,75,,,,,,1.0
198,USW00094728,"NY CITY CENTRAL PARK, NY US",2016-07-17,2.68,0.0,0.0,0.0,,89,75,,,,,,
199,USW00094728,"NY CITY CENTRAL PARK, NY US",2016-07-18,5.82,0.35,0.0,0.0,,93,72,1.0,,,,,
200,USW00094728,"NY CITY CENTRAL PARK, NY US",2016-07-19,4.92,0.0,0.0,0.0,,83,73,,,,,,
201,USW00094728,"NY CITY CENTRAL PARK, NY US",2016-07-20,3.13,0.0,0.0,0.0,,85,68,,,,,,
202,USW00094728,"NY CITY CENTRAL PARK, NY US",2016-07-21,5.14,0.0,0.0,0.0,,90,71,,,,,,
203,USW00094728,"NY CITY CENTRAL PARK, NY US",2016-07-22,6.49,0.0,0.0,0.0,,94,74,,,,,,1.0
204,USW00094728,"NY CITY CENTRAL PARK, NY US",2016-07-23,4.92,0.0,0.0,0.0,,96,80,,,,,,
205,USW00094728,"NY CITY CENTRAL PARK, NY US",2016-07-24,4.03,0.0,0.0,0.0,,94,75,,,,,,
206,USW00094728,"NY CITY CENTRAL PARK, NY US",2016-07-25,3.36,1.0,0.0,0.0,,93,73,1.0,,,,,
207,USW00094728,"NY CITY CENTRAL PARK, NY US",2016-07-26,4.25,0.0,0.0,0.0,,89,72,1.0,,,,,
208,USW00094728,"NY CITY CENTRAL PARK, NY US",2016-07-27,2.01,0.0,0.0,0.0,,91,74,,,,,,
209,USW00094728,"NY CITY CENTRAL PARK, NY US",2016-07-28,3.13,0.0,0.0,0.0,,95,75,1.0,,,,,1.0
210,USW00094728,"NY CITY CENTRAL PARK, NY US",2016-07-29,4.25,1.09,0.0,0.0,,85,69,1.0,,,,,1.0
211,USW00094728,"NY CITY CENTRAL PARK, NY US",2016-07-30,3.58,0.25,0.0,0.0,,84,73,1.0,,,,,1.0
212,USW00094728,"NY CITY CENTRAL PARK, NY US",2016-07-31,4.25,1.08,0.0,0.0,,78,71,1.0,,,,,1.0
213,USW00094728,"NY CITY CENTRAL PARK, NY US",2016-08-01,4.92,0.0,0.0,0.0,,80,69,1.0,,,,,
214,USW00094728,"NY CITY CENTRAL PARK, NY US",2016-08-02,6.93,0.0,0.0,0.0,,79,68,,,,,,
215,USW00094728,"NY CITY CENTRAL PARK, NY US",2016-08-03,2.91,0.0,0.0,0.0,,80,66,,,,,,
216,USW00094728,"NY CITY CENTRAL PARK, NY US",2016-08-04,2.01,0.0,0.0,0.0,,81,67,,,,,,
217,USW00094728,"NY CITY CENTRAL PARK, NY US",2016-08-05,3.8,0.0,0.0,0.0,,83,69,,,,,,
218,USW00094728,"NY CITY CENTRAL PARK, NY US",2016-08-06,5.14,0.05,0.0,0.0,,87,72,1.0,,,,,1.0
219,USW00094728,"NY CITY CENTRAL PARK, NY US",2016-08-07,4.03,0.0,0.0,0.0,,86,70,,,,,,
220,USW00094728,"NY CITY CENTRAL PARK, NY US",2016-08-08,1.34,0.0,0.0,0.0,,86,71,,,,,,
221,USW00094728,"NY CITY CENTRAL PARK, NY US",2016-08-09,2.68,0.0,0.0,0.0,,87,71,,,,,,
222,USW00094728,"NY CITY CENTRAL PARK, NY US",2016-08-10,4.03,0.09,0.0,0.0,,86,75,1.0,,,,,1.0
223,USW00094728,"NY CITY CENTRAL PARK, NY US",2016-08-11,4.47,0.15,0.0,0.0,,91,74,1.0,,,,,1.0
224,USW00094728,"NY CITY CENTRAL PARK, NY US",2016-08-12,5.14,0.32,0.0,0.0,,93,73,1.0,,,,,1.0
225,USW00094728,"NY CITY CENTRAL PARK, NY US",2016-08-13,4.03,0.0,0.0,0.0,,96,81,,,,,,
226,USW00094728,"NY CITY CENTRAL PARK, NY US",2016-08-14,3.8,0.06,0.0,0.0,,94,78,1.0,,,,,1.0
227,USW00094728,"NY CITY CENTRAL PARK, NY US",2016-08-15,2.91,0.0,0.0,0.0,,92,77,,,,,,
228,USW00094728,"NY CITY CENTRAL PARK, NY US",2016-08-16,4.03,0.11,0.0,0.0,,87,78,1.0,,,,,1.0
229,USW00094728,"NY CITY CENTRAL PARK, NY US",2016-08-17,5.37,0.01,0.0,0.0,,85,77,,,,,,
230,USW00094728,"NY CITY CENTRAL PARK, NY US",2016-08-18,1.57,0.03,0.0,0.0,,85,72,1.0,,,,,
231,USW00094728,"NY CITY CENTRAL PARK, NY US",2016-08-19,2.24,0.01,0.0,0.0,,88,74,1.0,,,,,
232,USW00094728,"NY CITY CENTRAL PARK, NY US",2016-08-20,4.7,0.82,0.0,0.0,,83,70,1.0,1.0,,,,1.0
233,USW00094728,"NY CITY CENTRAL PARK, NY US",2016-08-21,4.25,0.31,0.0,0.0,,86,73,1.0,,,,,1.0
234,USW00094728,"NY CITY CENTRAL PARK, NY US",2016-08-22,5.82,0.0,0.0,0.0,,79,65,,,,,,
235,USW00094728,"NY CITY CENTRAL PARK, NY US",2016-08-23,1.79,0.0,0.0,0.0,,82,61,,,,,,
236,USW00094728,"NY CITY CENTRAL PARK, NY US",2016-08-24,,0.0,0.0,0.0,,88,68,,,,,,
237,USW00094728,"NY CITY CENTRAL PARK, NY US",2016-08-25,,0.01,0.0,0.0,,86,69,,,,,,
238,USW00094728,"NY CITY CENTRAL PARK, NY US",2016-08-26,,0.0,0.0,0.0,,90,75,,,,,,
239,USW00094728,"NY CITY CENTRAL PARK, NY US",2016-08-27,2.68,0.0,0.0,0.0,,89,73,,,,,,
240,USW00094728,"NY CITY CENTRAL PARK, NY US",2016-08-28,2.46,0.0,0.0,0.0,,89,72,,,,,,
241,USW00094728,"NY CITY CENTRAL PARK, NY US",2016-08-29,5.37,0.0,0.0,0.0,,91,74,,,,,,
242,USW00094728,"NY CITY CENTRAL PARK, NY US",2016-08-30,3.13,0.0,0.0,0.0,,86,69,,,,,,
243,USW00094728,"NY CITY CENTRAL PARK, NY US",2016-08-31,3.36,0.0,0.0,0.0,,89,74,,,,,,1.0
244,USW00094728,"NY CITY CENTRAL PARK, NY US",2016-09-01,1.79,0.5,0.0,0.0,,79,69,1.0,,,,,1.0
245,USW00094728,"NY CITY CENTRAL PARK, NY US",2016-09-02,6.04,0.0,0.0,0.0,,81,66,,,,,,
246,USW00094728,"NY CITY CENTRAL PARK, NY US",2016-09-03,6.71,0.0,0.0,0.0,,75,66,,,,,,
247,USW00094728,"NY CITY CENTRAL PARK, NY US",2016-09-04,6.71,0.0,0.0,0.0,,80,65,,,,,,
248,USW00094728,"NY CITY CENTRAL PARK, NY US",2016-09-05,7.61,0.0,0.0,0.0,,84,65,,,,,,
249,USW00094728,"NY CITY CENTRAL PARK, NY US",2016-09-06,9.62,0.0,0.0,0.0,,80,71,1.0,,,,,1.0
250,USW00094728,"NY CITY CENTRAL PARK, NY US",2016-09-07,6.49,0.0,0.0,0.0,,85,71,1.0,,,,,1.0
251,USW00094728,"NY CITY CENTRAL PARK, NY US",2016-09-08,2.68,0.0,0.0,0.0,,89,71,1.0,,,,,1.0
252,USW00094728,"NY CITY CENTRAL PARK, NY US",2016-09-09,3.8,0.22,0.0,0.0,,91,75,1.0,,,,,1.0
253,USW00094728,"NY CITY CENTRAL PARK, NY US",2016-09-10,4.03,0.0,0.0,0.0,,90,74,1.0,,,,,1.0
254,USW00094728,"NY CITY CENTRAL PARK, NY US",2016-09-11,5.82,0.0,0.0,0.0,,83,67,,,,,,
255,USW00094728,"NY CITY CENTRAL PARK, NY US",2016-09-12,4.25,0.0,0.0,0.0,,78,62,,,,,,
256,USW00094728,"NY CITY CENTRAL PARK, NY US",2016-09-13,4.03,0.0,0.0,0.0,,83,64,,,,,,
257,USW00094728,"NY CITY CENTRAL PARK, NY US",2016-09-14,4.92,0.56,0.0,0.0,,91,67,1.0,,,,,1.0
258,USW00094728,"NY CITY CENTRAL PARK, NY US",2016-09-15,4.92,0.0,0.0,0.0,,74,61,,,,,,
259,USW00094728,"NY CITY CENTRAL PARK, NY US",2016-09-16,2.68,0.0,0.0,0.0,,73,61,,,,,,
260,USW00094728,"NY CITY CENTRAL PARK, NY US",2016-09-17,3.36,0.0,0.0,0.0,,77,59,,,,,,
261,USW00094728,"NY CITY CENTRAL PARK, NY US",2016-09-18,3.58,0.0,0.0,0.0,,82,70,,,,,,
262,USW00094728,"NY CITY CENTRAL PARK, NY US",2016-09-19,2.46,0.68,0.0,0.0,,76,69,1.0,,,,,
263,USW00094728,"NY CITY CENTRAL PARK, NY US",2016-09-20,2.24,0.0,0.0,0.0,,82,68,1.0,,,,,
264,USW00094728,"NY CITY CENTRAL PARK, NY US",2016-09-21,3.8,0.0,0.0,0.0,,84,68,1.0,,,,,
265,USW00094728,"NY CITY CENTRAL PARK, NY US",2016-09-22,2.46,0.0,0.0,0.0,,86,65,,,,,,
266,USW00094728,"NY CITY CENTRAL PARK, NY US",2016-09-23,1.79,0.01,0.0,0.0,,87,64,1.0,,,,,
267,USW00094728,"NY CITY CENTRAL PARK, NY US",2016-09-24,5.14,0.2,0.0,0.0,,71,58,1.0,,,,,
268,USW00094728,"NY CITY CENTRAL PARK, NY US",2016-09-25,2.91,0.0,0.0,0.0,,70,54,,,,,,
269,USW00094728,"NY CITY CENTRAL PARK, NY US",2016-09-26,4.47,0.0,0.0,0.0,,74,54,,,,,,
270,USW00094728,"NY CITY CENTRAL PARK, NY US",2016-09-27,3.13,0.22,0.0,0.0,,74,64,1.0,,,,,
271,USW00094728,"NY CITY CENTRAL PARK, NY US",2016-09-28,8.05,0.0,0.0,0.0,,69,56,1.0,,,,,1.0
272,USW00094728,"NY CITY CENTRAL PARK, NY US",2016-09-29,11.18,0.0,0.0,0.0,,64,57,1.0,,,,,
273,USW00094728,"NY CITY CENTRAL PARK, NY US",2016-09-30,9.62,0.4,0.0,0.0,,59,56,1.0,,,,,1.0
274,USW00094728,"NY CITY CENTRAL PARK, NY US",2016-10-01,7.61,0.0,0.0,0.0,,62,56,1.0,,,,,
275,USW00094728,"NY CITY CENTRAL PARK, NY US",2016-10-02,2.68,0.0,0.0,0.0,,63,57,1.0,,,,,1.0
276,USW00094728,"NY CITY CENTRAL PARK, NY US",2016-10-03,2.24,0.0,0.0,0.0,,72,60,1.0,,,,,1.0
277,USW00094728,"NY CITY CENTRAL PARK, NY US",2016-10-04,7.61,0.0,0.0,0.0,,69,60,,,,,,
278,USW00094728,"NY CITY CENTRAL PARK, NY US",2016-10-05,4.7,0.0,0.0,0.0,,67,53,,,,,,
279,USW00094728,"NY CITY CENTRAL PARK, NY US",2016-10-06,2.01,0.0,0.0,0.0,,73,55,1.0,,,,,
280,USW00094728,"NY CITY CENTRAL PARK, NY US",2016-10-07,2.46,0.0,0.0,0.0,,75,57,1.0,,,,,1.0
281,USW00094728,"NY CITY CENTRAL PARK, NY US",2016-10-08,2.01,0.23,0.0,0.0,,68,58,1.0,,,,,
282,USW00094728,"NY CITY CENTRAL PARK, NY US",2016-10-09,7.38,0.55,0.0,0.0,,65,51,1.0,,,,,
283,USW00094728,"NY CITY CENTRAL PARK, NY US",2016-10-10,4.7,0.0,0.0,0.0,,64,47,,,,,,
284,USW00094728,"NY CITY CENTRAL PARK, NY US",2016-10-11,3.58,0.0,0.0,0.0,,63,46,,,,,,
285,USW00094728,"NY CITY CENTRAL PARK, NY US",2016-10-12,1.12,0.0,0.0,0.0,,66,53,,,,,,
286,USW00094728,"NY CITY CENTRAL PARK, NY US",2016-10-13,2.91,0.0,0.0,0.0,,67,53,1.0,,,,,
287,USW00094728,"NY CITY CENTRAL PARK, NY US",2016-10-14,4.7,0.0,0.0,0.0,,62,47,,,,,,
288,USW00094728,"NY CITY CENTRAL PARK, NY US",2016-10-15,3.13,0.0,0.0,0.0,,65,45,,,,,,
289,USW00094728,"NY CITY CENTRAL PARK, NY US",2016-10-16,4.03,0.0,0.0,0.0,,69,53,,,,,,
290,USW00094728,"NY CITY CENTRAL PARK, NY US",2016-10-17,2.68,0.0,0.0,0.0,,81,63,,,,,,1.0
291,USW00094728,"NY CITY CENTRAL PARK, NY US",2016-10-18,4.03,0.0,0.0,0.0,,81,67,,,,,,1.0
292,USW00094728,"NY CITY CENTRAL PARK, NY US",2016-10-19,4.47,0.0,0.0,0.0,,85,65,,,,,,
293,USW00094728,"NY CITY CENTRAL PARK, NY US",2016-10-20,6.26,0.0,0.0,0.0,,70,62,1.0,,,,,1.0
294,USW00094728,"NY CITY CENTRAL PARK, NY US",2016-10-21,2.24,1.11,0.0,0.0,,69,57,1.0,,,,,
295,USW00094728,"NY CITY CENTRAL PARK, NY US",2016-10-22,10.51,0.29,0.0,0.0,,57,47,1.0,,,,,
296,USW00094728,"NY CITY CENTRAL PARK, NY US",2016-10-23,8.5,0.0,0.0,0.0,,61,45,,,,,,
297,USW00094728,"NY CITY CENTRAL PARK, NY US",2016-10-24,6.04,0.0,0.0,0.0,,62,47,,,,,,1.0
298,USW00094728,"NY CITY CENTRAL PARK, NY US",2016-10-25,6.49,0.0,0.0,0.0,,52,43,,,,,,
299,USW00094728,"NY CITY CENTRAL PARK, NY US",2016-10-26,4.03,0.0,0.0,0.0,,51,38,,,,,,
300,USW00094728,"NY CITY CENTRAL PARK, NY US",2016-10-27,5.14,1.41,0.0,0.0,,55,40,1.0,,,,,
301,USW00094728,"NY CITY CENTRAL PARK, NY US",2016-10-28,8.28,0.0,0.0,0.0,,51,42,1.0,,,,,
302,USW00094728,"NY CITY CENTRAL PARK, NY US",2016-10-29,4.25,0.0,0.0,0.0,,64,39,,,,,,
303,USW00094728,"NY CITY CENTRAL PARK, NY US",2016-10-30,3.8,0.56,0.0,0.0,,76,54,1.0,,,,,
304,USW00094728,"NY CITY CENTRAL PARK, NY US",2016-10-31,4.92,0.0,0.0,0.0,,54,44,,,,,,
305,USW00094728,"NY CITY CENTRAL PARK, NY US",2016-11-01,3.13,0.0,0.0,0.0,,58,40,,,,,,
306,USW00094728,"NY CITY CENTRAL PARK, NY US",2016-11-02,3.13,0.0,0.0,0.0,,70,54,,,,,,
307,USW00094728,"NY CITY CENTRAL PARK, NY US",2016-11-03,5.14,0.0,0.0,0.0,,72,57,,,,,,1.0
308,USW00094728,"NY CITY CENTRAL PARK, NY US",2016-11-04,4.7,0.0,0.0,0.0,,61,47,,,,,,
309,USW00094728,"NY CITY CENTRAL PARK, NY US",2016-11-05,3.13,0.0,0.0,0.0,,62,44,,,,,,
310,USW00094728,"NY CITY CENTRAL PARK, NY US",2016-11-06,7.61,0.0,0.0,0.0,,59,45,,,,,,
311,USW00094728,"NY CITY CENTRAL PARK, NY US",2016-11-07,5.37,0.0,0.0,0.0,,53,41,,,,,,
312,USW00094728,"NY CITY CENTRAL PARK, NY US",2016-11-08,2.46,0.0,0.0,0.0,,66,41,,,,,,
313,USW00094728,"NY CITY CENTRAL PARK, NY US",2016-11-09,3.58,0.06,0.0,0.0,,59,49,1.0,,,,,1.0
314,USW00094728,"NY CITY CENTRAL PARK, NY US",2016-11-10,5.82,0.0,0.0,0.0,,56,40,,,,,,
315,USW00094728,"NY CITY CENTRAL PARK, NY US",2016-11-11,8.28,0.0,0.0,0.0,,63,41,,,,,,
316,USW00094728,"NY CITY CENTRAL PARK, NY US",2016-11-12,5.37,0.0,0.0,0.0,,50,37,,,,,,
317,USW00094728,"NY CITY CENTRAL PARK, NY US",2016-11-13,5.37,0.0,0.0,0.0,,61,41,,,,,,
318,USW00094728,"NY CITY CENTRAL PARK, NY US",2016-11-14,3.58,0.0,0.0,0.0,,62,46,,,,,,1.0
319,USW00094728,"NY CITY CENTRAL PARK, NY US",2016-11-15,5.59,1.81,0.0,0.0,,56,47,1.0,1.0,,,,
320,USW00094728,"NY CITY CENTRAL PARK, NY US",2016-11-16,4.03,0.0,0.0,0.0,,61,45,,,,,,
321,USW00094728,"NY CITY CENTRAL PARK, NY US",2016-11-17,4.25,0.0,0.0,0.0,,61,49,,,,,,
322,USW00094728,"NY CITY CENTRAL PARK, NY US",2016-11-18,2.46,0.0,0.0,0.0,,64,44,,,,,,
323,USW00094728,"NY CITY CENTRAL PARK, NY US",2016-11-19,4.92,0.25,0.0,0.0,,63,37,1.0,,,,,
324,USW00094728,"NY CITY CENTRAL PARK, NY US",2016-11-20,10.29,0.31,0.0,0.0,,42,34,1.0,,,,,
325,USW00094728,"NY CITY CENTRAL PARK, NY US",2016-11-21,13.2,0.0,0.0,0.0,,41,36,,,,,,
326,USW00094728,"NY CITY CENTRAL PARK, NY US",2016-11-22,9.62,0.0,0.0,0.0,,41,37,,,,,,
327,USW00094728,"NY CITY CENTRAL PARK, NY US",2016-11-23,4.92,0.0,0.0,0.0,,45,35,,,,,,
328,USW00094728,"NY CITY CENTRAL PARK, NY US",2016-11-24,4.47,0.03,0.0,0.0,,48,38,1.0,,,,,
329,USW00094728,"NY CITY CENTRAL PARK, NY US",2016-11-25,2.01,0.02,0.0,0.0,,54,45,1.0,,,,,1.0
330,USW00094728,"NY CITY CENTRAL PARK, NY US",2016-11-26,4.47,0.0,0.0,0.0,,50,40,1.0,,,,,1.0
331,USW00094728,"NY CITY CENTRAL PARK, NY US",2016-11-27,4.7,0.0,0.0,0.0,,50,39,,,,,,
332,USW00094728,"NY CITY CENTRAL PARK, NY US",2016-11-28,3.36,0.0,0.0,0.0,,52,38,,,,,,
333,USW00094728,"NY CITY CENTRAL PARK, NY US",2016-11-29,4.92,2.2,0.0,0.0,,60,51,1.0,,,,,
334,USW00094728,"NY CITY CENTRAL PARK, NY US",2016-11-30,6.26,0.73,0.0,0.0,,58,50,1.0,,,,,1.0
335,USW00094728,"NY CITY CENTRAL PARK, NY US",2016-12-01,7.61,0.07,0.0,0.0,,54,42,1.0,,,,,
336,USW00094728,"NY CITY CENTRAL PARK, NY US",2016-12-02,8.72,0.0,0.0,0.0,,51,40,,,,,,
337,USW00094728,"NY CITY CENTRAL PARK, NY US",2016-12-03,8.72,0.0,0.0,0.0,,47,41,,,,,,
338,USW00094728,"NY CITY CENTRAL PARK, NY US",2016-12-04,4.92,0.0,0.0,0.0,,47,39,,,,,,
339,USW00094728,"NY CITY CENTRAL PARK, NY US",2016-12-05,5.59,0.19,0.0,0.0,,49,38,1.0,,,,,
340,USW00094728,"NY CITY CENTRAL PARK, NY US",2016-12-06,5.37,0.35,0.0,0.0,,46,37,1.0,,,,,
341,USW00094728,"NY CITY CENTRAL PARK, NY US",2016-12-07,3.8,0.09,0.0,0.0,,46,40,1.0,,,,,1.0
342,USW00094728,"NY CITY CENTRAL PARK, NY US",2016-12-08,,0.0,0.0,0.0,,45,35,,,,,,
343,USW00094728,"NY CITY CENTRAL PARK, NY US",2016-12-09,,0.0,0.0,0.0,,39,29,,,,,,
344,USW00094728,"NY CITY CENTRAL PARK, NY US",2016-12-10,6.04,0.0,0.0,0.0,,35,28,,,,,,
345,USW00094728,"NY CITY CENTRAL PARK, NY US",2016-12-11,4.03,0.03,0.4,0.0,,35,28,1.0,,,,,1.0
346,USW00094728,"NY CITY CENTRAL PARK, NY US",2016-12-12,6.26,0.5,0.0,0.0,,46,34,1.0,,,,,
347,USW00094728,"NY CITY CENTRAL PARK, NY US",2016-12-13,4.03,0.0,0.0,0.0,,43,35,,,,,,
348,USW00094728,"NY CITY CENTRAL PARK, NY US",2016-12-14,5.59,0.0,0.0,0.0,,42,34,,,,,,
349,USW00094728,"NY CITY CENTRAL PARK, NY US",2016-12-15,10.96,0.0,0.0,0.0,,34,19,,,,,,1.0
350,USW00094728,"NY CITY CENTRAL PARK, NY US",2016-12-16,6.04,0.0,0.0,0.0,,27,17,,,,,,
351,USW00094728,"NY CITY CENTRAL PARK, NY US",2016-12-17,4.25,0.73,2.8,2.0,,39,24,1.0,,,,1.0,1.0
352,USW00094728,"NY CITY CENTRAL PARK, NY US",2016-12-18,7.38,0.04,0.0,1.2,,58,31,1.0,1.0,,,,
353,USW00094728,"NY CITY CENTRAL PARK, NY US",2016-12-19,6.71,0.0,0.0,0.0,,31,23,,,,,,
354,USW00094728,"NY CITY CENTRAL PARK, NY US",2016-12-20,3.13,0.0,0.0,0.0,,33,20,,,,,,
355,USW00094728,"NY CITY CENTRAL PARK, NY US",2016-12-21,2.91,0.0,0.0,0.0,,40,30,,,,,,
356,USW00094728,"NY CITY CENTRAL PARK, NY US",2016-12-22,6.26,0.0,0.0,0.0,,49,37,,,,,,
357,USW00094728,"NY CITY CENTRAL PARK, NY US",2016-12-23,6.49,0.0,0.0,0.0,,47,38,,,,,,
358,USW00094728,"NY CITY CENTRAL PARK, NY US",2016-12-24,4.92,0.47,0.0,0.0,,47,38,1.0,,,,,
359,USW00094728,"NY CITY CENTRAL PARK, NY US",2016-12-25,6.26,0.0,0.0,0.0,,50,36,,,,,,
360,USW00094728,"NY CITY CENTRAL PARK, NY US",2016-12-26,6.49,0.02,0.0,0.0,,50,33,1.0,,,,,1.0
361,USW00094728,"NY CITY CENTRAL PARK, NY US",2016-12-27,7.16,0.0,0.0,0.0,,60,40,1.0,,,,,
362,USW00094728,"NY CITY CENTRAL PARK, NY US",2016-12-28,5.14,0.0,0.0,0.0,,40,34,,,,,,
363,USW00094728,"NY CITY CENTRAL PARK, NY US",2016-12-29,5.37,0.39,0.0,0.0,,46,33,1.0,,,,,
364,USW00094728,"NY CITY CENTRAL PARK, NY US",2016-12-30,9.4,0.01,0.0,0.0,,40,33,1.0,,,,,
365,USW00094728,"NY CITY CENTRAL PARK, NY US",2016-12-31,6.93,0.0,0.0,0.0,,44,31,,,,,,
366,USW00094728,"NY CITY CENTRAL PARK, NY US",2017-01-01,5.59,0.0,0.0,0.0,,48,40,,,,,,1.0
367,USW00094728,"NY CITY CENTRAL PARK, NY US",2017-01-02,9.17,0.21,0.0,0.0,,41,37,1.0,,,1.0,,
368,USW00094728,"NY CITY CENTRAL PARK, NY US",2017-01-03,10.74,0.58,0.0,0.0,,43,39,1.0,,,,,
369,USW00094728,"NY CITY CENTRAL PARK, NY US",2017-01-04,8.05,0.0,0.0,0.0,,52,34,1.0,,,,,1.0
370,USW00094728,"NY CITY CENTRAL PARK, NY US",2017-01-05,7.83,0.0,0.0,0.0,,34,27,,,,,,
371,USW00094728,"NY CITY CENTRAL PARK, NY US",2017-01-06,4.7,0.05,1.2,1.2,,33,25,1.0,,,,,1.0
372,USW00094728,"NY CITY CENTRAL PARK, NY US",2017-01-07,7.61,0.32,5.1,0.0,,26,20,1.0,1.0,,,,1.0
373,USW00094728,"NY CITY CENTRAL PARK, NY US",2017-01-08,8.72,0.0,0.0,3.9,,25,16,,,,,,
374,USW00094728,"NY CITY CENTRAL PARK, NY US",2017-01-09,5.14,0.0,0.0,3.1,,23,14,,,,,,
375,USW00094728,"NY CITY CENTRAL PARK, NY US",2017-01-10,4.7,0.0,0.0,3.1,,46,21,,,,,,
376,USW00094728,"NY CITY CENTRAL PARK, NY US",2017-01-11,5.82,0.52,0.0,0.0,,52,42,1.0,,,,,
377,USW00094728,"NY CITY CENTRAL PARK, NY US",2017-01-12,7.61,0.05,0.0,0.0,,66,47,1.0,,,,,
378,USW00094728,"NY CITY CENTRAL PARK, NY US",2017-01-13,7.16,0.0,0.0,0.0,,62,32,,,,,,
379,USW00094728,"NY CITY CENTRAL PARK, NY US",2017-01-14,4.25,0.12,0.6,0.0,,34,28,1.0,1.0,,,,
380,USW00094728,"NY CITY CENTRAL PARK, NY US",2017-01-15,4.25,0.0,0.0,1.2,,38,30,,,,,,
381,USW00094728,"NY CITY CENTRAL PARK, NY US",2017-01-16,4.7,0.0,0.0,0.0,,43,30,,,,,,
382,USW00094728,"NY CITY CENTRAL PARK, NY US",2017-01-17,4.92,0.35,0.0,0.0,,42,38,1.0,,,,,1.0
383,USW00094728,"NY CITY CENTRAL PARK, NY US",2017-01-18,5.82,0.06,0.0,0.0,,41,38,1.0,,,,,
384,USW00094728,"NY CITY CENTRAL PARK, NY US",2017-01-19,3.58,0.0,0.0,0.0,,49,39,,,,,,
385,USW00094728,"NY CITY CENTRAL PARK, NY US",2017-01-20,4.03,0.1,0.0,0.0,,45,40,1.0,,,,,
386,USW00094728,"NY CITY CENTRAL PARK, NY US",2017-01-21,3.8,0.0,0.0,0.0,,49,41,1.0,,,,,1.0
387,USW00094728,"NY CITY CENTRAL PARK, NY US",2017-01-22,6.71,0.05,0.0,0.0,,48,43,1.0,1.0,,,,1.0
388,USW00094728,"NY CITY CENTRAL PARK, NY US",2017-01-23,18.34,1.16,0.0,0.0,,44,36,1.0,,,,,
389,USW00094728,"NY CITY CENTRAL PARK, NY US",2017-01-24,10.07,1.18,0.0,0.0,,38,35,1.0,,,,,
390,USW00094728,"NY CITY CENTRAL PARK, NY US",2017-01-25,6.71,0.0,0.0,0.0,,51,36,,,,,,
391,USW00094728,"NY CITY CENTRAL PARK, NY US",2017-01-26,6.71,0.02,0.0,0.0,,56,43,,,,,,
392,USW00094728,"NY CITY CENTRAL PARK, NY US",2017-01-27,8.95,0.0,0.0,0.0,,43,36,,,,,,
393,USW00094728,"NY CITY CENTRAL PARK, NY US",2017-01-28,7.83,0.0,0.0,0.0,,39,34,,,,,,
394,USW00094728,"NY CITY CENTRAL PARK, NY US",2017-01-29,5.82,0.0,0.0,0.0,,43,35,,,,,,
395,USW00094728,"NY CITY CENTRAL PARK, NY US",2017-01-30,6.26,0.0,0.0,0.0,,37,30,,,,,,
396,USW00094728,"NY CITY CENTRAL PARK, NY US",2017-01-31,4.03,0.06,1.0,0.0,,34,26,1.0,1.0,,,,1.0
397,USW00094728,"NY CITY CENTRAL PARK, NY US",2017-02-01,5.82,0.0,0.0,0.0,,47,33,,,,,,
398,USW00094728,"NY CITY CENTRAL PARK, NY US",2017-02-02,5.37,0.0,0.0,0.0,,45,32,,,,,,
399,USW00094728,"NY CITY CENTRAL PARK, NY US",2017-02-03,6.71,0.0,0.0,0.0,,33,26,,,,,,
400,USW00094728,"NY CITY CENTRAL PARK, NY US",2017-02-04,8.5,0.0,0.0,0.0,,34,22,,,,,,
401,USW00094728,"NY CITY CENTRAL PARK, NY US",2017-02-05,7.16,0.0,0.0,0.0,,43,31,,,,,,
402,USW00094728,"NY CITY CENTRAL PARK, NY US",2017-02-06,5.14,0.0,0.0,0.0,,49,36,,,,,,
403,USW00094728,"NY CITY CENTRAL PARK, NY US",2017-02-07,6.71,0.27,0.0,0.0,,42,36,1.0,,,,,1.0
404,USW00094728,"NY CITY CENTRAL PARK, NY US",2017-02-08,4.7,0.03,0.0,0.0,,62,38,1.0,,,,,1.0
405,USW00094728,"NY CITY CENTRAL PARK, NY US",2017-02-09,12.3,1.16,9.4,2.0,,44,19,1.0,1.0,,,,1.0
406,USW00094728,"NY CITY CENTRAL PARK, NY US",2017-02-10,8.5,0.0,0.0,7.9,,32,19,,,,,,1.0
407,USW00094728,"NY CITY CENTRAL PARK, NY US",2017-02-11,4.03,0.0,0.0,5.1,,48,30,,,,,,
408,USW00094728,"NY CITY CENTRAL PARK, NY US",2017-02-12,7.16,0.46,0.0,2.0,,40,30,1.0,,,,1.0,
409,USW00094728,"NY CITY CENTRAL PARK, NY US",2017-02-13,12.3,0.02,0.0,2.0,,39,31,1.0,,,,,
410,USW00094728,"NY CITY CENTRAL PARK, NY US",2017-02-14,5.37,0.0,0.0,2.0,,41,28,,,,,,
411,USW00094728,"NY CITY CENTRAL PARK, NY US",2017-02-15,6.49,0.0,0.0,0.0,,47,35,,,,,,
412,USW00094728,"NY CITY CENTRAL PARK, NY US",2017-02-16,10.51,0.0,0.0,0.0,,35,28,,,,,,
413,USW00094728,"NY CITY CENTRAL PARK, NY US",2017-02-17,8.5,0.0,0.0,0.0,,41,26,,,,,,
414,USW00094728,"NY CITY CENTRAL PARK, NY US",2017-02-18,5.82,0.0,0.0,0.0,,63,35,,,,,,
415,USW00094728,"NY CITY CENTRAL PARK, NY US",2017-02-19,5.59,0.0,0.0,0.0,,65,53,,,,,,
416,USW00094728,"NY CITY CENTRAL PARK, NY US",2017-02-20,7.38,0.0,0.0,0.0,,55,39,,,,,,
417,USW00094728,"NY CITY CENTRAL PARK, NY US",2017-02-21,5.82,0.0,0.0,0.0,,47,34,,,,,,
418,USW00094728,"NY CITY CENTRAL PARK, NY US",2017-02-22,2.91,0.0,0.0,0.0,,57,42,,,,,,
419,USW00094728,"NY CITY CENTRAL PARK, NY US",2017-02-23,3.58,0.0,0.0,0.0,,65,44,1.0,,,,,1.0
420,USW00094728,"NY CITY CENTRAL PARK, NY US",2017-02-24,6.04,0.0,0.0,0.0,,70,58,,,,,,
421,USW00094728,"NY CITY CENTRAL PARK, NY US",2017-02-25,6.71,0.54,0.0,0.0,,63,44,1.0,,,,,
422,USW00094728,"NY CITY CENTRAL PARK, NY US",2017-02-26,8.95,0.0,0.0,0.0,,44,36,,,,,,
423,USW00094728,"NY CITY CENTRAL PARK, NY US",2017-02-27,5.59,0.0,0.0,0.0,,54,35,,,,,,
424,USW00094728,"NY CITY CENTRAL PARK, NY US",2017-02-28,4.03,0.0,0.0,0.0,,59,47,,,,,,
425,USW00094728,"NY CITY CENTRAL PARK, NY US",2017-03-01,6.04,0.12,0.0,0.0,,70,54,1.0,,,,,1.0
426,USW00094728,"NY CITY CENTRAL PARK, NY US",2017-03-02,11.41,0.0,0.0,0.0,,64,35,,,,,,
427,USW00094728,"NY CITY CENTRAL PARK, NY US",2017-03-03,8.28,0.0,0.0,0.0,,39,24,,,,,,
428,USW00094728,"NY CITY CENTRAL PARK, NY US",2017-03-04,8.95,0.0,0.0,0.0,,30,17,,,,,,
429,USW00094728,"NY CITY CENTRAL PARK, NY US",2017-03-05,5.37,0.0,0.0,0.0,,37,14,,,,,,
430,USW00094728,"NY CITY CENTRAL PARK, NY US",2017-03-06,3.36,0.0,0.0,0.0,,45,26,,,,,,
431,USW00094728,"NY CITY CENTRAL PARK, NY US",2017-03-07,4.25,0.1,0.0,0.0,,56,42,1.0,,,,,
432,USW00094728,"NY CITY CENTRAL PARK, NY US",2017-03-08,7.61,0.02,0.0,0.0,,59,47,1.0,,,,,
433,USW00094728,"NY CITY CENTRAL PARK, NY US",2017-03-09,8.72,0.0,0.0,0.0,,61,47,,,,,,
434,USW00094728,"NY CITY CENTRAL PARK, NY US",2017-03-10,7.61,0.31,2.1,0.0,,47,23,1.0,1.0,,,,
435,USW00094728,"NY CITY CENTRAL PARK, NY US",2017-03-11,9.62,0.0,0.0,1.2,,29,17,,,,,,
436,USW00094728,"NY CITY CENTRAL PARK, NY US",2017-03-12,8.95,0.0,0.0,0.0,,29,19,,,,,,
437,USW00094728,"NY CITY CENTRAL PARK, NY US",2017-03-13,4.47,0.0,0.0,0.0,,36,20,,,,,,
438,USW00094728,"NY CITY CENTRAL PARK, NY US",2017-03-14,13.42,1.97,7.6,3.9,,32,21,1.0,1.0,,,,1.0
439,USW00094728,"NY CITY CENTRAL PARK, NY US",2017-03-15,11.63,0.0,0.0,5.9,,26,20,,,,,,1.0
440,USW00094728,"NY CITY CENTRAL PARK, NY US",2017-03-16,7.83,0.0,0.0,5.1,,39,24,,,,,,
441,USW00094728,"NY CITY CENTRAL PARK, NY US",2017-03-17,6.49,0.0,0.0,3.9,,47,29,,,,,,
442,USW00094728,"NY CITY CENTRAL PARK, NY US",2017-03-18,8.72,0.08,0.0,3.1,,39,34,1.0,,,,,1.0
443,USW00094728,"NY CITY CENTRAL PARK, NY US",2017-03-19,8.28,0.0,0.0,3.1,,47,34,,,,,,
444,USW00094728,"NY CITY CENTRAL PARK, NY US",2017-03-20,5.14,0.0,0.0,0.0,,52,33,,,,,,
445,USW00094728,"NY CITY CENTRAL PARK, NY US",2017-03-21,4.03,0.0,0.0,0.0,,59,42,,,,,,
446,USW00094728,"NY CITY CENTRAL PARK, NY US",2017-03-22,11.41,0.0,0.0,0.0,,50,24,,,,,,
447,USW00094728,"NY CITY CENTRAL PARK, NY US",2017-03-23,4.92,0.0,0.0,0.0,,42,23,,,,,,
448,USW00094728,"NY CITY CENTRAL PARK, NY US",2017-03-24,6.26,0.0,0.0,0.0,,57,36,,,,,,
449,USW00094728,"NY CITY CENTRAL PARK, NY US",2017-03-25,6.71,0.01,0.0,0.0,,62,42,1.0,,,,,
450,USW00094728,"NY CITY CENTRAL PARK, NY US",2017-03-26,8.28,0.14,0.0,0.0,,42,37,1.0,,,,,
451,USW00094728,"NY CITY CENTRAL PARK, NY US",2017-03-27,4.25,0.26,0.0,0.0,,53,37,1.0,,,,,1.0
452,USW00094728,"NY CITY CENTRAL PARK, NY US",2017-03-28,5.82,0.72,0.0,0.0,,46,41,1.0,,,,,
453,USW00094728,"NY CITY CENTRAL PARK, NY US",2017-03-29,7.83,0.0,0.0,0.0,,60,42,1.0,,,,,
454,USW00094728,"NY CITY CENTRAL PARK, NY US",2017-03-30,5.82,0.01,0.0,0.0,,52,38,,,,,,
455,USW00094728,"NY CITY CENTRAL PARK, NY US",2017-03-31,10.29,1.51,0.0,0.0,,43,37,1.0,,,,,
456,USW00094728,"NY CITY CENTRAL PARK, NY US",2017-04-01,7.61,0.0,0.0,0.0,,48,37,1.0,,,,,
457,USW00094728,"NY CITY CENTRAL PARK, NY US",2017-04-02,5.37,0.0,0.0,0.0,,63,40,,,,,,
458,USW00094728,"NY CITY CENTRAL PARK, NY US",2017-04-03,4.92,0.03,0.0,0.0,,63,48,,,,,,
459,USW00094728,"NY CITY CENTRAL PARK, NY US",2017-04-04,6.93,1.18,0.0,0.0,,51,45,1.0,,,,,
460,USW00094728,"NY CITY CENTRAL PARK, NY US",2017-04-05,3.36,0.0,0.0,0.0,,65,45,1.0,,,,,1.0
461,USW00094728,"NY CITY CENTRAL PARK, NY US",2017-04-06,9.17,0.73,0.0,0.0,,53,40,1.0,,,,,
462,USW00094728,"NY CITY CENTRAL PARK, NY US",2017-04-07,10.51,0.0,0.0,0.0,,51,40,,,,,,
463,USW00094728,"NY CITY CENTRAL PARK, NY US",2017-04-08,8.28,0.0,0.0,0.0,,57,40,,,,,,
464,USW00094728,"NY CITY CENTRAL PARK, NY US",2017-04-09,4.92,0.0,0.0,0.0,,67,45,,,,,,
465,USW00094728,"NY CITY CENTRAL PARK, NY US",2017-04-10,6.04,0.0,0.0,0.0,,74,53,,,,,,
466,USW00094728,"NY CITY CENTRAL PARK, NY US",2017-04-11,5.59,0.0,0.0,0.0,,80,61,,,,,,
467,USW00094728,"NY CITY CENTRAL PARK, NY US",2017-04-12,2.91,0.02,0.0,0.0,,76,58,,,,,,
468,USW00094728,"NY CITY CENTRAL PARK, NY US",2017-04-13,5.14,0.0,0.0,0.0,,65,48,,,,,,
469,USW00094728,"NY CITY CENTRAL PARK, NY US",2017-04-14,3.8,0.0,0.0,0.0,,66,48,,,,,,
470,USW00094728,"NY CITY CENTRAL PARK, NY US",2017-04-15,5.59,0.0,0.0,0.0,,65,51,,,,,,
471,USW00094728,"NY CITY CENTRAL PARK, NY US",2017-04-16,7.38,0.0,0.0,0.0,,87,59,,,,,,
472,USW00094728,"NY CITY CENTRAL PARK, NY US",2017-04-17,6.71,0.0,0.0,0.0,,74,58,,,,,,
473,USW00094728,"NY CITY CENTRAL PARK, NY US",2017-04-18,6.93,0.0,0.0,0.0,,65,47,,,,,,
474,USW00094728,"NY CITY CENTRAL PARK, NY US",2017-04-19,5.59,0.0,0.0,0.0,,54,45,,,,,,
475,USW00094728,"NY CITY CENTRAL PARK, NY US",2017-04-20,4.03,0.17,0.0,0.0,,66,50,1.0,,,,,1.0
476,USW00094728,"NY CITY CENTRAL PARK, NY US",2017-04-21,7.38,0.29,0.0,0.0,,53,48,1.0,,,,,
477,USW00094728,"NY CITY CENTRAL PARK, NY US",2017-04-22,3.58,0.11,0.0,0.0,,57,49,1.0,,,,,
478,USW00094728,"NY CITY CENTRAL PARK, NY US",2017-04-23,4.92,0.0,0.0,0.0,,66,46,,,,,,
479,USW00094728,"NY CITY CENTRAL PARK, NY US",2017-04-24,3.58,0.0,0.0,0.0,,60,48,,,,,,
480,USW00094728,"NY CITY CENTRAL PARK, NY US",2017-04-25,13.2,0.91,0.0,0.0,,54,49,1.0,,,,,
481,USW00094728,"NY CITY CENTRAL PARK, NY US",2017-04-26,4.92,0.34,0.0,0.0,,60,53,1.0,,,,,
482,USW00094728,"NY CITY CENTRAL PARK, NY US",2017-04-27,2.91,0.0,0.0,0.0,,70,57,1.0,,,,,1.0
483,USW00094728,"NY CITY CENTRAL PARK, NY US",2017-04-28,3.13,0.0,0.0,0.0,,85,58,1.0,,,,,1.0
484,USW00094728,"NY CITY CENTRAL PARK, NY US",2017-04-29,5.14,0.06,0.0,0.0,,85,64,1.0,,,,,
485,USW00094728,"NY CITY CENTRAL PARK, NY US",2017-04-30,6.71,0.0,0.0,0.0,,67,52,,,,,,
486,USW00094728,"NY CITY CENTRAL PARK, NY US",2017-05-01,5.14,0.0,0.0,0.0,,74,49,1.0,,,,,1.0
487,USW00094728,"NY CITY CENTRAL PARK, NY US",2017-05-02,7.83,0.0,0.0,0.0,,75,62,1.0,,,,,
488,USW00094728,"NY CITY CENTRAL PARK, NY US",2017-05-03,8.28,0.0,0.0,0.0,,65,51,,,,,,
489,USW00094728,"NY CITY CENTRAL PARK, NY US",2017-05-04,5.37,0.0,0.0,0.0,,64,47,,,,,,
490,USW00094728,"NY CITY CENTRAL PARK, NY US",2017-05-05,6.49,3.02,0.0,0.0,,59,51,1.0,1.0,,,,
491,USW00094728,"NY CITY CENTRAL PARK, NY US",2017-05-06,6.04,0.18,0.0,0.0,,67,52,1.0,,,,,
492,USW00094728,"NY CITY CENTRAL PARK, NY US",2017-05-07,5.59,0.01,0.0,0.0,,56,47,,,,,,
493,USW00094728,"NY CITY CENTRAL PARK, NY US",2017-05-08,5.82,0.0,0.0,0.0,,57,44,,,,,,
494,USW00094728,"NY CITY CENTRAL PARK, NY US",2017-05-09,4.47,0.0,0.0,0.0,,63,47,,,,,,
495,USW00094728,"NY CITY CENTRAL PARK, NY US",2017-05-10,3.36,0.0,0.0,0.0,,63,49,,,,,,
496,USW00094728,"NY CITY CENTRAL PARK, NY US",2017-05-11,3.58,0.0,0.0,0.0,,62,51,,,,,,
497,USW00094728,"NY CITY CENTRAL PARK, NY US",2017-05-12,4.03,0.0,0.0,0.0,,65,48,,,,,,
498,USW00094728,"NY CITY CENTRAL PARK, NY US",2017-05-13,7.61,1.61,0.0,0.0,,53,45,1.0,,,,,
499,USW00094728,"NY CITY CENTRAL PARK, NY US",2017-05-14,5.37,0.02,0.0,0.0,,67,46,,,,,,
500,USW00094728,"NY CITY CENTRAL PARK, NY US",2017-05-15,8.95,0.0,0.0,0.0,,68,53,,,,,,
501,USW00094728,"NY CITY CENTRAL PARK, NY US",2017-05-16,4.25,0.0,0.0,0.0,,79,56,,,,,,1.0
502,USW00094728,"NY CITY CENTRAL PARK, NY US",2017-05-17,5.59,0.0,0.0,0.0,,90,65,,,,,,
503,USW00094728,"NY CITY CENTRAL PARK, NY US",2017-05-18,5.59,0.0,0.0,0.0,,92,75,,,,,,
504,USW00094728,"NY CITY CENTRAL PARK, NY US",2017-05-19,6.26,0.0,0.0,0.0,,91,66,,,,,,
505,USW00094728,"NY CITY CENTRAL PARK, NY US",2017-05-20,4.03,0.01,0.0,0.0,,65,55,,,,,,1.0
506,USW00094728,"NY CITY CENTRAL PARK, NY US",2017-05-21,4.03,0.0,0.0,0.0,,69,52,,,,,,
507,USW00094728,"NY CITY CENTRAL PARK, NY US",2017-05-22,2.68,0.59,0.0,0.0,,61,53,1.0,,,,,
508,USW00094728,"NY CITY CENTRAL PARK, NY US",2017-05-23,2.24,0.0,0.0,0.0,,69,56,1.0,,,,,
509,USW00094728,"NY CITY CENTRAL PARK, NY US",2017-05-24,4.92,0.04,0.0,0.0,,69,56,1.0,,,,,
510,USW00094728,"NY CITY CENTRAL PARK, NY US",2017-05-25,8.05,0.58,0.0,0.0,,59,56,1.0,,,,,
511,USW00094728,"NY CITY CENTRAL PARK, NY US",2017-05-26,4.92,0.1,0.0,0.0,,73,56,1.0,,,,,
512,USW00094728,"NY CITY CENTRAL PARK, NY US",2017-05-27,3.13,0.0,0.0,0.0,,71,59,,,,,,
513,USW00094728,"NY CITY CENTRAL PARK, NY US",2017-05-28,4.47,0.0,0.0,0.0,,71,58,1.0,,,,,1.0
514,USW00094728,"NY CITY CENTRAL PARK, NY US",2017-05-29,5.14,0.13,0.0,0.0,,61,56,1.0,,,,,
515,USW00094728,"NY CITY CENTRAL PARK, NY US",2017-05-30,2.68,0.06,0.0,0.0,,60,55,1.0,,,,,
516,USW00094728,"NY CITY CENTRAL PARK, NY US",2017-05-31,2.46,0.03,0.0,0.0,,75,58,1.0,,,,,
517,USW00094728,"NY CITY CENTRAL PARK, NY US",2017-06-01,3.8,0.0,0.0,0.0,,79,59,,,,,,
518,USW00094728,"NY CITY CENTRAL PARK, NY US",2017-06-02,4.47,0.01,0.0,0.0,,76,57,,,,,,
519,USW00094728,"NY CITY CENTRAL PARK, NY US",2017-06-03,3.58,0.01,0.0,0.0,,73,55,,,,,,
520,USW00094728,"NY CITY CENTRAL PARK, NY US",2017-06-04,2.24,0.09,0.0,0.0,,70,56,1.0,,,,,1.0
521,USW00094728,"NY CITY CENTRAL PARK, NY US",2017-06-05,4.92,0.02,0.0,0.0,,67,58,1.0,,,,,1.0
522,USW00094728,"NY CITY CENTRAL PARK, NY US",2017-06-06,7.16,0.06,0.0,0.0,,58,52,1.0,,,,,
523,USW00094728,"NY CITY CENTRAL PARK, NY US",2017-06-07,3.36,0.0,0.0,0.0,,67,51,,,,,,
524,USW00094728,"NY CITY CENTRAL PARK, NY US",2017-06-08,3.8,0.0,0.0,0.0,,69,55,,,,,,
525,USW00094728,"NY CITY CENTRAL PARK, NY US",2017-06-09,4.7,0.0,0.0,0.0,,80,53,,,,,,
526,USW00094728,"NY CITY CENTRAL PARK, NY US",2017-06-10,3.58,0.0,0.0,0.0,,85,66,,,,,,
527,USW00094728,"NY CITY CENTRAL PARK, NY US",2017-06-11,5.14,0.0,0.0,0.0,,90,72,,,,,,
528,USW00094728,"NY CITY CENTRAL PARK, NY US",2017-06-12,3.8,0.0,0.0,0.0,,93,76,,,,,,
529,USW00094728,"NY CITY CENTRAL PARK, NY US",2017-06-13,3.13,0.0,0.0,0.0,,94,77,,,,,,
530,USW00094728,"NY CITY CENTRAL PARK, NY US",2017-06-14,4.7,0.29,0.0,0.0,,84,69,1.0,,,,,
531,USW00094728,"NY CITY CENTRAL PARK, NY US",2017-06-15,4.25,0.0,0.0,0.0,,76,64,,,,,,
532,USW00094728,"NY CITY CENTRAL PARK, NY US",2017-06-16,5.14,0.0,0.0,0.0,,68,63,1.0,,,,,1.0
533,USW00094728,"NY CITY CENTRAL PARK, NY US",2017-06-17,2.24,1.39,0.0,0.0,,74,66,1.0,,,,,1.0
534,USW00094728,"NY CITY CENTRAL PARK, NY US",2017-06-18,3.58,0.0,0.0,0.0,,85,70,1.0,,,,,
535,USW00094728,"NY CITY CENTRAL PARK, NY US",2017-06-19,3.8,1.35,0.0,0.0,,88,70,1.0,1.0,,,,1.0
536,USW00094728,"NY CITY CENTRAL PARK, NY US",2017-06-20,5.14,0.03,0.0,0.0,,83,71,1.0,,,,,
537,USW00094728,"NY CITY CENTRAL PARK, NY US",2017-06-21,4.7,0.0,0.0,0.0,,83,71,,,,,,
538,USW00094728,"NY CITY CENTRAL PARK, NY US",2017-06-22,2.24,0.0,0.0,0.0,,83,68,,,,,,
539,USW00094728,"NY CITY CENTRAL PARK, NY US",2017-06-23,4.92,0.04,0.0,0.0,,83,76,1.0,,,,,
540,USW00094728,"NY CITY CENTRAL PARK, NY US",2017-06-24,5.37,1.29,0.0,0.0,,84,71,1.0,,,,,
541,USW00094728,"NY CITY CENTRAL PARK, NY US",2017-06-25,2.46,0.0,0.0,0.0,,83,68,,,,,,
542,USW00094728,"NY CITY CENTRAL PARK, NY US",2017-06-26,3.13,0.0,0.0,0.0,,79,64,,,,,,
543,USW00094728,"NY CITY CENTRAL PARK, NY US",2017-06-27,3.58,0.18,0.0,0.0,,77,60,1.0,,,,,
544,USW00094728,"NY CITY CENTRAL PARK, NY US",2017-06-28,4.92,0.0,0.0,0.0,,78,61,,,,,,
545,USW00094728,"NY CITY CENTRAL PARK, NY US",2017-06-29,5.37,0.0,0.0,0.0,,82,68,,,,,,
546,USW00094728,"NY CITY CENTRAL PARK, NY US",2017-06-30,5.82,0.0,0.0,0.0,,88,73,,,,,,
547,USW00094728,"NY CITY CENTRAL PARK, NY US",2017-07-01,4.03,0.23,0.0,0.0,,85,71,1.0,,,,,1.0
548,USW00094728,"NY CITY CENTRAL PARK, NY US",2017-07-02,4.92,0.0,0.0,0.0,,87,72,1.0,,,,,
549,USW00094728,"NY CITY CENTRAL PARK, NY US",2017-07-03,1.79,0.45,0.0,0.0,,88,71,1.0,,,,,1.0
550,USW00094728,"NY CITY CENTRAL PARK, NY US",2017-07-04,2.68,0.0,0.0,0.0,,85,70,,,,,,1.0
551,USW00094728,"NY CITY CENTRAL PARK, NY US",2017-07-05,4.92,0.0,0.0,0.0,,85,70,,,,,,
552,USW00094728,"NY CITY CENTRAL PARK, NY US",2017-07-06,3.58,0.0,0.0,0.0,,77,71,,,,,,
553,USW00094728,"NY CITY CENTRAL PARK, NY US",2017-07-07,5.37,1.78,0.0,0.0,,80,68,1.0,1.0,,,,
554,USW00094728,"NY CITY CENTRAL PARK, NY US",2017-07-08,3.36,0.0,0.0,0.0,,84,69,1.0,,,,,
555,USW00094728,"NY CITY CENTRAL PARK, NY US",2017-07-09,3.58,0.0,0.0,0.0,,81,67,,,,,,
556,USW00094728,"NY CITY CENTRAL PARK, NY US",2017-07-10,3.36,0.0,0.0,0.0,,84,68,,,,,,1.0
557,USW00094728,"NY CITY CENTRAL PARK, NY US",2017-07-11,3.13,0.0,0.0,0.0,,85,75,,,,,,
558,USW00094728,"NY CITY CENTRAL PARK, NY US",2017-07-12,5.14,0.0,0.0,0.0,,88,77,,,,,,
559,USW00094728,"NY CITY CENTRAL PARK, NY US",2017-07-13,4.92,0.0,0.0,0.0,,90,73,,,,,,
560,USW00094728,"NY CITY CENTRAL PARK, NY US",2017-07-14,4.7,0.35,0.0,0.0,,73,65,1.0,,,,,
561,USW00094728,"NY CITY CENTRAL PARK, NY US",2017-07-15,3.36,0.0,0.0,0.0,,84,68,1.0,,,,,
562,USW00094728,"NY CITY CENTRAL PARK, NY US",2017-07-16,2.68,0.0,0.0,0.0,,87,68,,,,,,
563,USW00094728,"NY CITY CENTRAL PARK, NY US",2017-07-17,2.68,0.0,0.0,0.0,,85,73,,,,,,
564,USW00094728,"NY CITY CENTRAL PARK, NY US",2017-07-18,2.91,0.0,0.0,0.0,,88,73,,,,,,
565,USW00094728,"NY CITY CENTRAL PARK, NY US",2017-07-19,3.13,0.0,0.0,0.0,,92,77,,,,,,
566,USW00094728,"NY CITY CENTRAL PARK, NY US",2017-07-20,2.91,0.01,0.0,0.0,,94,77,,,,,,
567,USW00094728,"NY CITY CENTRAL PARK, NY US",2017-07-21,3.8,0.0,0.0,0.0,,92,76,,,,,,
568,USW00094728,"NY CITY CENTRAL PARK, NY US",2017-07-22,2.46,0.57,0.0,0.0,,92,71,1.0,,,,,
569,USW00094728,"NY CITY CENTRAL PARK, NY US",2017-07-23,2.68,0.06,0.0,0.0,,79,71,1.0,,,,,1.0
570,USW00094728,"NY CITY CENTRAL PARK, NY US",2017-07-24,6.71,0.74,0.0,0.0,,73,63,1.0,,,,,
571,USW00094728,"NY CITY CENTRAL PARK, NY US",2017-07-25,5.14,0.0,0.0,0.0,,71,62,,,,,,
572,USW00094728,"NY CITY CENTRAL PARK, NY US",2017-07-26,3.8,0.0,0.0,0.0,,77,65,,,,,,
573,USW00094728,"NY CITY CENTRAL PARK, NY US",2017-07-27,2.46,0.0,0.0,0.0,,78,65,,,,,,
574,USW00094728,"NY CITY CENTRAL PARK, NY US",2017-07-28,2.91,0.0,0.0,0.0,,85,71,1.0,,,,,1.0
575,USW00094728,"NY CITY CENTRAL PARK, NY US",2017-07-29,9.4,0.0,0.0,0.0,,77,67,,,,,,
576,USW00094728,"NY CITY CENTRAL PARK, NY US",2017-07-30,4.25,0.0,0.0,0.0,,82,64,,,,,,
577,USW00094728,"NY CITY CENTRAL PARK, NY US",2017-07-31,2.01,0.0,0.0,0.0,,88,66,,,,,,
578,USW00094728,"NY CITY CENTRAL PARK, NY US",2017-08-01,2.68,0.0,0.0,0.0,,92,71,,,,,,
579,USW00094728,"NY CITY CENTRAL PARK, NY US",2017-08-02,1.57,0.09,0.0,0.0,,86,69,1.0,,,,,1.0
580,USW00094728,"NY CITY CENTRAL PARK, NY US",2017-08-03,1.79,0.0,0.0,0.0,,87,68,1.0,,,,,1.0
581,USW00094728,"NY CITY CENTRAL PARK, NY US",2017-08-04,4.25,0.15,0.0,0.0,,84,69,1.0,,,,,
582,USW00094728,"NY CITY CENTRAL PARK, NY US",2017-08-05,4.47,0.3,0.0,0.0,,78,69,1.0,,,,,1.0
583,USW00094728,"NY CITY CENTRAL PARK, NY US",2017-08-06,3.8,0.0,0.0,0.0,,76,64,,,,,,
584,USW00094728,"NY CITY CENTRAL PARK, NY US",2017-08-07,2.46,0.76,0.0,0.0,,71,64,1.0,,,,,
585,USW00094728,"NY CITY CENTRAL PARK, NY US",2017-08-08,2.91,0.0,0.0,0.0,,78,65,1.0,,,,,
586,USW00094728,"NY CITY CENTRAL PARK, NY US",2017-08-09,1.34,0.0,0.0,0.0,,85,64,,,,,,
587,USW00094728,"NY CITY CENTRAL PARK, NY US",2017-08-10,2.24,0.0,0.0,0.0,,83,68,,,,,,
588,USW00094728,"NY CITY CENTRAL PARK, NY US",2017-08-11,2.68,0.0,0.0,0.0,,82,69,,,,,,
589,USW00094728,"NY CITY CENTRAL PARK, NY US",2017-08-12,3.36,0.11,0.0,0.0,,77,64,1.0,,,,,
590,USW00094728,"NY CITY CENTRAL PARK, NY US",2017-08-13,3.8,0.0,0.0,0.0,,83,71,,,,,,
591,USW00094728,"NY CITY CENTRAL PARK, NY US",2017-08-14,2.24,0.0,0.0,0.0,,80,70,,,,,,
592,USW00094728,"NY CITY CENTRAL PARK, NY US",2017-08-15,1.12,0.45,0.0,0.0,,74,68,1.0,,,,,
593,USW00094728,"NY CITY CENTRAL PARK, NY US",2017-08-16,2.24,0.0,0.0,0.0,,87,70,1.0,,,,,
594,USW00094728,"NY CITY CENTRAL PARK, NY US",2017-08-17,3.13,0.0,0.0,0.0,,83,69,1.0,,,,,
595,USW00094728,"NY CITY CENTRAL PARK, NY US",2017-08-18,3.36,0.88,0.0,0.0,,82,73,1.0,1.0,,,,
596,USW00094728,"NY CITY CENTRAL PARK, NY US",2017-08-19,2.91,0.0,0.0,0.0,,86,73,1.0,,,,,
597,USW00094728,"NY CITY CENTRAL PARK, NY US",2017-08-20,4.47,0.0,0.0,0.0,,81,69,,,,,,
598,USW00094728,"NY CITY CENTRAL PARK, NY US",2017-08-21,3.36,0.0,0.0,0.0,,87,71,,,,,,
599,USW00094728,"NY CITY CENTRAL PARK, NY US",2017-08-22,5.14,0.3,0.0,0.0,,89,72,1.0,,,,,1.0
600,USW00094728,"NY CITY CENTRAL PARK, NY US",2017-08-23,4.03,0.0,0.0,0.0,,81,70,1.0,,,,,
601,USW00094728,"NY CITY CENTRAL PARK, NY US",2017-08-24,3.13,0.0,0.0,0.0,,80,65,,,,,,
602,USW00094728,"NY CITY CENTRAL PARK, NY US",2017-08-25,2.46,0.0,0.0,0.0,,78,63,,,,,,
603,USW00094728,"NY CITY CENTRAL PARK, NY US",2017-08-26,3.8,0.0,0.0,0.0,,78,62,,,,,,
604,USW00094728,"NY CITY CENTRAL PARK, NY US",2017-08-27,4.47,0.0,0.0,0.0,,78,63,,,,,,
605,USW00094728,"NY CITY CENTRAL PARK, NY US",2017-08-28,6.26,0.0,0.0,0.0,,76,63,,,,,,1.0
606,USW00094728,"NY CITY CENTRAL PARK, NY US",2017-08-29,8.05,0.29,0.0,0.0,,68,61,1.0,,,,,
607,USW00094728,"NY CITY CENTRAL PARK, NY US",2017-08-30,5.14,0.01,0.0,0.0,,78,60,1.0,,,,,
608,USW00094728,"NY CITY CENTRAL PARK, NY US",2017-08-31,3.8,0.0,0.0,0.0,,81,64,,,,,,
609,USW00094728,"NY CITY CENTRAL PARK, NY US",2017-09-01,4.92,0.0,0.0,0.0,,71,55,,,,,,
610,USW00094728,"NY CITY CENTRAL PARK, NY US",2017-09-02,5.59,0.53,0.0,0.0,,68,54,1.0,,,,,
611,USW00094728,"NY CITY CENTRAL PARK, NY US",2017-09-03,5.59,0.74,0.0,0.0,,69,59,1.0,,,,,
612,USW00094728,"NY CITY CENTRAL PARK, NY US",2017-09-04,4.7,0.0,0.0,0.0,,80,61,,,,,,
613,USW00094728,"NY CITY CENTRAL PARK, NY US",2017-09-05,3.13,0.0,0.0,0.0,,85,69,,,,,,
614,USW00094728,"NY CITY CENTRAL PARK, NY US",2017-09-06,3.8,0.42,0.0,0.0,,72,61,1.0,,,,,
615,USW00094728,"NY CITY CENTRAL PARK, NY US",2017-09-07,4.92,0.01,0.0,0.0,,71,59,1.0,,,,,
616,USW00094728,"NY CITY CENTRAL PARK, NY US",2017-09-08,3.8,0.0,0.0,0.0,,71,58,,,,,,
617,USW00094728,"NY CITY CENTRAL PARK, NY US",2017-09-09,4.03,0.0,0.0,0.0,,70,55,,,,,,
618,USW00094728,"NY CITY CENTRAL PARK, NY US",2017-09-10,5.82,0.0,0.0,0.0,,72,57,,,,,,
619,USW00094728,"NY CITY CENTRAL PARK, NY US",2017-09-11,2.01,0.0,0.0,0.0,,76,55,,,,,,
620,USW00094728,"NY CITY CENTRAL PARK, NY US",2017-09-12,1.34,0.0,0.0,0.0,,78,59,,,,,,
621,USW00094728,"NY CITY CENTRAL PARK, NY US",2017-09-13,2.46,0.06,0.0,0.0,,83,64,1.0,,,,,
622,USW00094728,"NY CITY CENTRAL PARK, NY US",2017-09-14,2.24,0.02,0.0,0.0,,81,70,1.0,,,,,
623,USW00094728,"NY CITY CENTRAL PARK, NY US",2017-09-15,1.57,0.0,0.0,0.0,,81,67,,,,,,
624,USW00094728,"NY CITY CENTRAL PARK, NY US",2017-09-16,2.91,0.0,0.0,0.0,,82,70,1.0,,,,,1.0
625,USW00094728,"NY CITY CENTRAL PARK, NY US",2017-09-17,2.68,0.0,0.0,0.0,,81,68,1.0,,,,,1.0
626,USW00094728,"NY CITY CENTRAL PARK, NY US",2017-09-18,6.93,0.0,0.0,0.0,,73,68,1.0,,,,,
627,USW00094728,"NY CITY CENTRAL PARK, NY US",2017-09-19,9.84,0.22,0.0,0.0,,78,69,1.0,,,,,
628,USW00094728,"NY CITY CENTRAL PARK, NY US",2017-09-20,6.26,0.0,0.0,0.0,,79,71,,,,,,
629,USW00094728,"NY CITY CENTRAL PARK, NY US",2017-09-21,5.59,0.0,0.0,0.0,,80,71,,,,,,
630,USW00094728,"NY CITY CENTRAL PARK, NY US",2017-09-22,7.16,0.0,0.0,0.0,,82,66,,,,,,
631,USW00094728,"NY CITY CENTRAL PARK, NY US",2017-09-23,4.7,0.0,0.0,0.0,,87,68,,,,,,
632,USW00094728,"NY CITY CENTRAL PARK, NY US",2017-09-24,1.57,0.0,0.0,0.0,,91,69,,,,,,
633,USW00094728,"NY CITY CENTRAL PARK, NY US",2017-09-25,2.91,0.0,0.0,0.0,,88,70,,,,,,
634,USW00094728,"NY CITY CENTRAL PARK, NY US",2017-09-26,2.01,0.0,0.0,0.0,,84,68,1.0,,,,,1.0
635,USW00094728,"NY CITY CENTRAL PARK, NY US",2017-09-27,3.8,0.0,0.0,0.0,,87,69,,,,,,
636,USW00094728,"NY CITY CENTRAL PARK, NY US",2017-09-28,5.82,0.0,0.0,0.0,,79,59,1.0,,,,,
637,USW00094728,"NY CITY CENTRAL PARK, NY US",2017-09-29,2.46,0.0,0.0,0.0,,68,55,,,,,,
638,USW00094728,"NY CITY CENTRAL PARK, NY US",2017-09-30,6.26,0.0,0.0,0.0,,66,54,,,,,,
639,USW00094728,"NY CITY CENTRAL PARK, NY US",2017-10-01,2.91,0.0,0.0,0.0,,68,50,,,,,,
640,USW00094728,"NY CITY CENTRAL PARK, NY US",2017-10-02,2.46,0.0,0.0,0.0,,73,52,,,,,,
641,USW00094728,"NY CITY CENTRAL PARK, NY US",2017-10-03,3.13,0.0,0.0,0.0,,71,57,,,,,,1.0
642,USW00094728,"NY CITY CENTRAL PARK, NY US",2017-10-04,4.92,0.0,0.0,0.0,,75,56,,,,,,
643,USW00094728,"NY CITY CENTRAL PARK, NY US",2017-10-05,4.92,0.0,0.0,0.0,,83,65,,,,,,
644,USW00094728,"NY CITY CENTRAL PARK, NY US",2017-10-06,2.46,0.0,0.0,0.0,,82,68,,,,,,
645,USW00094728,"NY CITY CENTRAL PARK, NY US",2017-10-07,4.03,0.0,0.0,0.0,,81,66,1.0,,,,,1.0
646,USW00094728,"NY CITY CENTRAL PARK, NY US",2017-10-08,4.92,0.22,0.0,0.0,,77,72,1.0,,,,,
647,USW00094728,"NY CITY CENTRAL PARK, NY US",2017-10-09,4.92,0.26,0.0,0.0,,77,71,1.0,,,,,
648,USW00094728,"NY CITY CENTRAL PARK, NY US",2017-10-10,2.91,0.0,0.0,0.0,,81,66,,,,,,
649,USW00094728,"NY CITY CENTRAL PARK, NY US",2017-10-11,5.82,0.06,0.0,0.0,,77,60,1.0,,,,,
650,USW00094728,"NY CITY CENTRAL PARK, NY US",2017-10-12,8.72,0.07,0.0,0.0,,64,55,1.0,,,,,
651,USW00094728,"NY CITY CENTRAL PARK, NY US",2017-10-13,6.04,0.0,0.0,0.0,,67,52,1.0,,,,,1.0
652,USW00094728,"NY CITY CENTRAL PARK, NY US",2017-10-14,2.46,0.08,0.0,0.0,,72,61,1.0,,,,,1.0
653,USW00094728,"NY CITY CENTRAL PARK, NY US",2017-10-15,4.25,0.0,0.0,0.0,,74,65,1.0,,,,,
654,USW00094728,"NY CITY CENTRAL PARK, NY US",2017-10-16,6.71,0.01,0.0,0.0,,69,46,,,,,,
655,USW00094728,"NY CITY CENTRAL PARK, NY US",2017-10-17,4.03,0.0,0.0,0.0,,58,42,,,,,,
656,USW00094728,"NY CITY CENTRAL PARK, NY US",2017-10-18,3.8,0.0,0.0,0.0,,72,50,,,,,,1.0
657,USW00094728,"NY CITY CENTRAL PARK, NY US",2017-10-19,4.47,0.0,0.0,0.0,,71,56,,,,,,
658,USW00094728,"NY CITY CENTRAL PARK, NY US",2017-10-20,4.03,0.0,0.0,0.0,,73,57,,,,,,1.0
659,USW00094728,"NY CITY CENTRAL PARK, NY US",2017-10-21,2.24,0.0,0.0,0.0,,78,56,,,,,,
660,USW00094728,"NY CITY CENTRAL PARK, NY US",2017-10-22,1.57,0.0,0.0,0.0,,76,57,,,,,,1.0
661,USW00094728,"NY CITY CENTRAL PARK, NY US",2017-10-23,3.58,0.0,0.0,0.0,,74,61,,,,,,
662,USW00094728,"NY CITY CENTRAL PARK, NY US",2017-10-24,5.59,0.2,0.0,0.0,,74,67,1.0,,,,,
663,USW00094728,"NY CITY CENTRAL PARK, NY US",2017-10-25,2.01,0.0,0.0,0.0,,67,57,1.0,,,,,
664,USW00094728,"NY CITY CENTRAL PARK, NY US",2017-10-26,6.04,0.0,0.0,0.0,,58,50,,,,,,
665,USW00094728,"NY CITY CENTRAL PARK, NY US",2017-10-27,3.8,0.0,0.0,0.0,,62,47,,,,,,1.0
666,USW00094728,"NY CITY CENTRAL PARK, NY US",2017-10-28,4.92,0.0,0.0,0.0,,69,55,,,,,,
667,USW00094728,"NY CITY CENTRAL PARK, NY US",2017-10-29,6.71,3.03,0.0,0.0,,67,60,1.0,1.0,,,,
668,USW00094728,"NY CITY CENTRAL PARK, NY US",2017-10-30,8.72,0.25,0.0,0.0,,61,46,1.0,,,,,
669,USW00094728,"NY CITY CENTRAL PARK, NY US",2017-10-31,5.82,0.0,0.0,0.0,,57,45,,,,,,
670,USW00094728,"NY CITY CENTRAL PARK, NY US",2017-11-01,2.46,0.0,0.0,0.0,,59,43,,,,,,
671,USW00094728,"NY CITY CENTRAL PARK, NY US",2017-11-02,2.46,0.0,0.0,0.0,,72,58,1.0,,,,,
672,USW00094728,"NY CITY CENTRAL PARK, NY US",2017-11-03,5.59,0.0,0.0,0.0,,74,51,,,,,,1.0
673,USW00094728,"NY CITY CENTRAL PARK, NY US",2017-11-04,5.82,0.0,0.0,0.0,,56,46,,,,,,
674,USW00094728,"NY CITY CENTRAL PARK, NY US",2017-11-05,4.25,0.02,0.0,0.0,,61,51,1.0,,,,,
675,USW00094728,"NY CITY CENTRAL PARK, NY US",2017-11-06,4.92,0.01,0.0,0.0,,66,46,1.0,,,,,
676,USW00094728,"NY CITY CENTRAL PARK, NY US",2017-11-07,6.49,0.7,0.0,0.0,,49,40,1.0,,,,,
677,USW00094728,"NY CITY CENTRAL PARK, NY US",2017-11-08,5.37,0.0,0.0,0.0,,49,39,,,,,,
678,USW00094728,"NY CITY CENTRAL PARK, NY US",2017-11-09,3.36,0.0,0.0,0.0,,55,39,,,,,,1.0
679,USW00094728,"NY CITY CENTRAL PARK, NY US",2017-11-10,9.4,0.01,0.0,0.0,,51,25,1.0,,,,,
680,USW00094728,"NY CITY CENTRAL PARK, NY US",2017-11-11,4.7,0.0,0.0,0.0,,38,24,,,,,,
681,USW00094728,"NY CITY CENTRAL PARK, NY US",2017-11-12,1.79,0.0,0.0,0.0,,46,32,,,,,,
682,USW00094728,"NY CITY CENTRAL PARK, NY US",2017-11-13,3.58,0.07,0.0,0.0,,47,39,1.0,,,,,1.0
683,USW00094728,"NY CITY CENTRAL PARK, NY US",2017-11-14,4.92,0.0,0.0,0.0,,48,35,,,,,,
684,USW00094728,"NY CITY CENTRAL PARK, NY US",2017-11-15,5.14,0.0,0.0,0.0,,51,37,,,,,,
685,USW00094728,"NY CITY CENTRAL PARK, NY US",2017-11-16,6.49,0.2,0.0,0.0,,57,43,1.0,,,,,
686,USW00094728,"NY CITY CENTRAL PARK, NY US",2017-11-17,7.83,0.0,0.0,0.0,,47,37,,,,,,
687,USW00094728,"NY CITY CENTRAL PARK, NY US",2017-11-18,3.36,0.1,0.0,0.0,,56,34,1.0,,,,,
688,USW00094728,"NY CITY CENTRAL PARK, NY US",2017-11-19,9.62,0.23,0.0,0.0,,59,38,,,,,,
689,USW00094728,"NY CITY CENTRAL PARK, NY US",2017-11-20,6.71,0.0,0.0,0.0,,47,36,,,,,,
690,USW00094728,"NY CITY CENTRAL PARK, NY US",2017-11-21,5.14,0.0,0.0,0.0,,58,42,,,,,,
691,USW00094728,"NY CITY CENTRAL PARK, NY US",2017-11-22,6.71,0.21,0.0,0.0,,56,35,1.0,,,,,
692,USW00094728,"NY CITY CENTRAL PARK, NY US",2017-11-23,4.7,0.0,0.0,0.0,,43,31,,,,,,
693,USW00094728,"NY CITY CENTRAL PARK, NY US",2017-11-24,3.8,0.0,0.0,0.0,,50,35,,,,,,
694,USW00094728,"NY CITY CENTRAL PARK, NY US",2017-11-25,4.03,0.0,0.0,0.0,,57,43,,,,,,
695,USW00094728,"NY CITY CENTRAL PARK, NY US",2017-11-26,6.71,0.0,0.0,0.0,,51,40,,,,,,
696,USW00094728,"NY CITY CENTRAL PARK, NY US",2017-11-27,6.49,0.0,0.0,0.0,,51,39,,,,,,
697,USW00094728,"NY CITY CENTRAL PARK, NY US",2017-11-28,4.47,0.0,0.0,0.0,,54,36,,,,,,
698,USW00094728,"NY CITY CENTRAL PARK, NY US",2017-11-29,5.37,0.0,0.0,0.0,,63,42,,,,,,1.0
699,USW00094728,"NY CITY CENTRAL PARK, NY US",2017-11-30,4.47,0.03,0.0,0.0,,53,38,,,,,,
700,USW00094728,"NY CITY CENTRAL PARK, NY US",2017-12-01,5.37,0.0,0.0,0.0,,52,42,,,,,,
701,USW00094728,"NY CITY CENTRAL PARK, NY US",2017-12-02,3.13,0.0,0.0,0.0,,48,39,,,,,,
702,USW00094728,"NY CITY CENTRAL PARK, NY US",2017-12-03,2.01,0.0,0.0,0.0,,48,42,,,,,,
703,USW00094728,"NY CITY CENTRAL PARK, NY US",2017-12-04,3.58,0.0,0.0,0.0,,51,40,1.0,,,,,1.0
704,USW00094728,"NY CITY CENTRAL PARK, NY US",2017-12-05,6.71,0.75,0.0,0.0,,61,50,1.0,,,,,
705,USW00094728,"NY CITY CENTRAL PARK, NY US",2017-12-06,7.61,0.0,0.0,0.0,,59,40,,,,,,
706,USW00094728,"NY CITY CENTRAL PARK, NY US",2017-12-07,6.71,0.0,0.0,0.0,,44,37,,,,,,
707,USW00094728,"NY CITY CENTRAL PARK, NY US",2017-12-08,4.92,0.0,0.0,0.0,,39,34,,,,,,
708,USW00094728,"NY CITY CENTRAL PARK, NY US",2017-12-09,4.25,0.46,4.6,0.0,,35,30,1.0,1.0,,,,1.0
709,USW00094728,"NY CITY CENTRAL PARK, NY US",2017-12-10,6.49,0.0,0.0,3.9,,39,29,1.0,,,,,1.0
710,USW00094728,"NY CITY CENTRAL PARK, NY US",2017-12-11,5.37,0.0,0.0,2.0,,41,33,,,,,,
711,USW00094728,"NY CITY CENTRAL PARK, NY US",2017-12-12,7.38,0.0,0.0,0.0,,50,29,1.0,,,,,1.0
712,USW00094728,"NY CITY CENTRAL PARK, NY US",2017-12-13,10.74,0.0,0.0,0.0,,31,20,,,,,,1.0
713,USW00094728,"NY CITY CENTRAL PARK, NY US",2017-12-14,5.82,0.09,1.2,1.2,,32,22,1.0,,,,,1.0
714,USW00094728,"NY CITY CENTRAL PARK, NY US",2017-12-15,3.8,0.11,1.2,1.2,,28,20,1.0,,,,,1.0
715,USW00094728,"NY CITY CENTRAL PARK, NY US",2017-12-16,6.71,0.0,0.0,2.0,,39,23,,,,,,
716,USW00094728,"NY CITY CENTRAL PARK, NY US",2017-12-17,2.91,0.0,0.0,1.2,,38,32,,,,,,
717,USW00094728,"NY CITY CENTRAL PARK, NY US",2017-12-18,4.92,0.02,0.0,0.0,,47,34,1.0,,,,,1.0
718,USW00094728,"NY CITY CENTRAL PARK, NY US",2017-12-19,7.61,0.0,0.0,0.0,,55,45,,,,,,
719,USW00094728,"NY CITY CENTRAL PARK, NY US",2017-12-20,7.38,0.0,0.0,0.0,,51,34,,,,,,
720,USW00094728,"NY CITY CENTRAL PARK, NY US",2017-12-21,4.03,0.0,0.0,0.0,,39,32,,,,,,
721,USW00094728,"NY CITY CENTRAL PARK, NY US",2017-12-22,4.03,0.0,0.0,0.0,,50,35,1.0,,,,,
722,USW00094728,"NY CITY CENTRAL PARK, NY US",2017-12-23,4.92,0.49,0.0,0.0,,48,38,1.0,,,,,
723,USW00094728,"NY CITY CENTRAL PARK, NY US",2017-12-24,7.83,0.01,0.0,0.0,,41,36,1.0,,,,,
724,USW00094728,"NY CITY CENTRAL PARK, NY US",2017-12-25,10.96,0.23,0.0,0.0,,38,28,1.0,,,,,
725,USW00094728,"NY CITY CENTRAL PARK, NY US",2017-12-26,8.72,0.0,0.0,0.0,,28,23,,,,,,
726,USW00094728,"NY CITY CENTRAL PARK, NY US",2017-12-27,6.26,0.0,0.0,0.0,,24,17,,,,,,
727,USW00094728,"NY CITY CENTRAL PARK, NY US",2017-12-28,8.05,0.0,0.0,0.0,,18,11,,,,,,
728,USW00094728,"NY CITY CENTRAL PARK, NY US",2017-12-29,6.71,0.0,0.0,0.0,,22,11,,,,,,
729,USW00094728,"NY CITY CENTRAL PARK, NY US",2017-12-30,5.37,0.05,0.7,0.0,,23,17,1.0,,,,,1.0
730,USW00094728,"NY CITY CENTRAL PARK, NY US",2017-12-31,9.17,0.0,0.0,0.0,,21,9,,,,,,
731,USW00094728,"NY CITY CENTRAL PARK, NY US",2018-01-01,7.83,0.0,0.0,0.0,,19,7,,,,,,
732,USW00094728,"NY CITY CENTRAL PARK, NY US",2018-01-02,8.05,0.0,0.0,0.0,,26,13,,,,,,
733,USW00094728,"NY CITY CENTRAL PARK, NY US",2018-01-03,3.13,0.0,0.0,0.0,,30,16,,,,,,
734,USW00094728,"NY CITY CENTRAL PARK, NY US",2018-01-04,12.53,0.76,9.8,1.2,,29,19,1.0,1.0,,,,1.0
735,USW00094728,"NY CITY CENTRAL PARK, NY US",2018-01-05,12.97,0.0,0.0,7.1,,19,9,,,,,,
736,USW00094728,"NY CITY CENTRAL PARK, NY US",2018-01-06,10.96,0.0,0.0,5.9,,13,6,,,,,,
737,USW00094728,"NY CITY CENTRAL PARK, NY US",2018-01-07,6.49,0.0,0.0,5.9,,18,5,,,,,,
738,USW00094728,"NY CITY CENTRAL PARK, NY US",2018-01-08,5.82,0.01,0.0,5.1,,31,17,,,,,,1.0
739,USW00094728,"NY CITY CENTRAL PARK, NY US",2018-01-09,6.71,0.0,0.0,5.1,,44,30,,,,,,
740,USW00094728,"NY CITY CENTRAL PARK, NY US",2018-01-10,4.25,0.0,0.0,3.9,,43,30,,,,,,
741,USW00094728,"NY CITY CENTRAL PARK, NY US",2018-01-11,3.13,0.0,0.0,3.1,,53,41,1.0,,,,,1.0
742,USW00094728,"NY CITY CENTRAL PARK, NY US",2018-01-12,6.93,0.54,0.0,0.0,,61,44,1.0,,,,,
743,USW00094728,"NY CITY CENTRAL PARK, NY US",2018-01-13,9.62,0.05,0.0,0.0,,58,19,1.0,,,,,
744,USW00094728,"NY CITY CENTRAL PARK, NY US",2018-01-14,8.05,0.0,0.0,0.0,,25,15,,,,,,
745,USW00094728,"NY CITY CENTRAL PARK, NY US",2018-01-15,8.05,0.0,0.0,0.0,,30,16,,,,,,
746,USW00094728,"NY CITY CENTRAL PARK, NY US",2018-01-16,4.03,0.0,0.0,0.0,,36,25,,,,,,
747,USW00094728,"NY CITY CENTRAL PARK, NY US",2018-01-17,6.04,0.19,0.4,0.0,,36,22,1.0,,,,,1.0
748,USW00094728,"NY CITY CENTRAL PARK, NY US",2018-01-18,7.83,0.0,0.0,0.0,,32,18,,,,,,
749,USW00094728,"NY CITY CENTRAL PARK, NY US",2018-01-19,5.37,0.0,0.0,0.0,,41,24,,,,,,
750,USW00094728,"NY CITY CENTRAL PARK, NY US",2018-01-20,8.5,0.0,0.0,0.0,,52,38,,,,,,
751,USW00094728,"NY CITY CENTRAL PARK, NY US",2018-01-21,2.91,0.0,0.0,0.0,,50,42,,,,,,
752,USW00094728,"NY CITY CENTRAL PARK, NY US",2018-01-22,5.37,0.01,0.0,0.0,,49,38,1.0,,,,,1.0
753,USW00094728,"NY CITY CENTRAL PARK, NY US",2018-01-23,6.26,0.3,0.0,0.0,,60,38,1.0,,,,,
754,USW00094728,"NY CITY CENTRAL PARK, NY US",2018-01-24,9.4,0.0,0.0,0.0,,44,27,,,,,,
755,USW00094728,"NY CITY CENTRAL PARK, NY US",2018-01-25,6.71,0.0,0.0,0.0,,34,23,,,,,,
756,USW00094728,"NY CITY CENTRAL PARK, NY US",2018-01-26,3.8,0.0,0.0,0.0,,38,26,,,,,,
757,USW00094728,"NY CITY CENTRAL PARK, NY US",2018-01-27,6.49,0.0,0.0,0.0,,56,35,,,,,,
758,USW00094728,"NY CITY CENTRAL PARK, NY US",2018-01-28,3.8,0.21,0.0,0.0,,55,46,1.0,,,,,
759,USW00094728,"NY CITY CENTRAL PARK, NY US",2018-01-29,9.17,0.0,0.1,0.0,,47,35,,,,,,1.0
760,USW00094728,"NY CITY CENTRAL PARK, NY US",2018-01-30,7.61,0.11,0.9,0.0,,36,24,1.0,,,,,1.0
761,USW00094728,"NY CITY CENTRAL PARK, NY US",2018-01-31,6.71,0.0,0.0,0.0,,33,18,,,,,,1.0
762,USW00094728,"NY CITY CENTRAL PARK, NY US",2018-02-01,3.8,0.05,0.0,0.0,,45,32,,,,,,
763,USW00094728,"NY CITY CENTRAL PARK, NY US",2018-02-02,9.17,0.18,0.0,0.0,,41,17,1.0,,,,,
764,USW00094728,"NY CITY CENTRAL PARK, NY US",2018-02-03,7.61,0.0,0.0,0.0,,31,16,,,,,,
765,USW00094728,"NY CITY CENTRAL PARK, NY US",2018-02-04,4.03,0.96,0.0,0.0,,46,30,1.0,,,,,1.0
766,USW00094728,"NY CITY CENTRAL PARK, NY US",2018-02-05,7.61,0.0,0.0,0.0,,40,26,1.0,,,,,
767,USW00094728,"NY CITY CENTRAL PARK, NY US",2018-02-06,4.03,0.0,0.0,0.0,,37,26,,,,,,
768,USW00094728,"NY CITY CENTRAL PARK, NY US",2018-02-07,6.71,0.85,0.5,0.0,,45,30,1.0,1.0,,,1.0,1.0
769,USW00094728,"NY CITY CENTRAL PARK, NY US",2018-02-08,6.71,0.0,0.0,0.0,,33,25,,,,,,
770,USW00094728,"NY CITY CENTRAL PARK, NY US",2018-02-09,4.92,0.0,0.0,0.0,,39,26,,,,,,
771,USW00094728,"NY CITY CENTRAL PARK, NY US",2018-02-10,2.24,0.58,0.0,0.0,,50,39,1.0,,,,,
772,USW00094728,"NY CITY CENTRAL PARK, NY US",2018-02-11,3.13,1.21,0.0,0.0,,62,45,1.0,,,,,
773,USW00094728,"NY CITY CENTRAL PARK, NY US",2018-02-12,7.16,0.0,0.0,0.0,,62,32,,,,,,
774,USW00094728,"NY CITY CENTRAL PARK, NY US",2018-02-13,5.59,0.0,0.0,0.0,,38,26,,,,,,
775,USW00094728,"NY CITY CENTRAL PARK, NY US",2018-02-14,5.37,0.08,0.0,0.0,,53,35,,,,,,
776,USW00094728,"NY CITY CENTRAL PARK, NY US",2018-02-15,5.14,0.16,0.0,0.0,,62,46,1.0,,,,,1.0
777,USW00094728,"NY CITY CENTRAL PARK, NY US",2018-02-16,6.93,0.09,0.0,0.0,,58,36,1.0,,,,,
778,USW00094728,"NY CITY CENTRAL PARK, NY US",2018-02-17,4.47,0.52,4.4,0.0,,40,28,1.0,,,,,1.0
779,USW00094728,"NY CITY CENTRAL PARK, NY US",2018-02-18,5.82,0.01,0.0,3.1,,44,33,1.0,,,,,
780,USW00094728,"NY CITY CENTRAL PARK, NY US",2018-02-19,4.25,0.04,0.0,0.0,,49,36,1.0,,,,,
781,USW00094728,"NY CITY CENTRAL PARK, NY US",2018-02-20,6.04,0.0,0.0,0.0,,67,47,1.0,,,,,
782,USW00094728,"NY CITY CENTRAL PARK, NY US",2018-02-21,5.82,0.06,0.0,0.0,,78,55,1.0,,,,,
783,USW00094728,"NY CITY CENTRAL PARK, NY US",2018-02-22,8.28,0.17,0.0,0.0,,59,37,1.0,,,,,
784,USW00094728,"NY CITY CENTRAL PARK, NY US",2018-02-23,6.26,0.06,0.0,0.0,,42,36,1.0,,,,,
785,USW00094728,"NY CITY CENTRAL PARK, NY US",2018-02-24,5.37,0.08,0.0,0.0,,55,42,1.0,,,,,
786,USW00094728,"NY CITY CENTRAL PARK, NY US",2018-02-25,6.26,0.73,0.0,0.0,,44,40,1.0,,,,,
787,USW00094728,"NY CITY CENTRAL PARK, NY US",2018-02-26,4.47,0.0,0.0,0.0,,52,43,1.0,,,,,
788,USW00094728,"NY CITY CENTRAL PARK, NY US",2018-02-27,4.47,0.0,0.0,0.0,,56,39,,,,,,
789,USW00094728,"NY CITY CENTRAL PARK, NY US",2018-02-28,5.14,0.0,0.0,0.0,,61,42,,,,,,
790,USW00094728,"NY CITY CENTRAL PARK, NY US",2018-03-01,5.14,0.38,0.0,0.0,,60,44,1.0,,,,,
791,USW00094728,"NY CITY CENTRAL PARK, NY US",2018-03-02,10.51,1.86,0.0,0.0,,44,34,1.0,,,,,
792,USW00094728,"NY CITY CENTRAL PARK, NY US",2018-03-03,11.18,0.0,0.0,0.0,,49,36,,,,,,1.0
793,USW00094728,"NY CITY CENTRAL PARK, NY US",2018-03-04,9.62,0.0,0.0,0.0,,44,34,,,,,,
794,USW00094728,"NY CITY CENTRAL PARK, NY US",2018-03-05,7.16,0.0,0.0,0.0,,43,33,,,,,,
795,USW00094728,"NY CITY CENTRAL PARK, NY US",2018-03-06,4.7,0.0,0.0,0.0,,47,32,,,,,,
796,USW00094728,"NY CITY CENTRAL PARK, NY US",2018-03-07,10.07,1.41,3.2,0.0,,39,33,1.0,1.0,,,,
797,USW00094728,"NY CITY CENTRAL PARK, NY US",2018-03-08,6.04,0.0,0.0,3.1,,39,33,,,,,,
798,USW00094728,"NY CITY CENTRAL PARK, NY US",2018-03-09,7.83,0.0,0.0,2.0,,42,30,,,,,,
799,USW00094728,"NY CITY CENTRAL PARK, NY US",2018-03-10,8.5,0.0,0.0,0.0,,40,31,,,,,,
800,USW00094728,"NY CITY CENTRAL PARK, NY US",2018-03-11,5.37,0.0,0.0,0.0,,45,32,,,,,,
801,USW00094728,"NY CITY CENTRAL PARK, NY US",2018-03-12,8.5,0.08,0.0,0.0,,43,32,1.0,,,,,
802,USW00094728,"NY CITY CENTRAL PARK, NY US",2018-03-13,8.5,0.28,0.0,0.0,,40,33,1.0,,,,,
803,USW00094728,"NY CITY CENTRAL PARK, NY US",2018-03-14,10.96,0.01,0.0,0.0,,41,31,1.0,,,,,
804,USW00094728,"NY CITY CENTRAL PARK, NY US",2018-03-15,10.07,0.0,0.0,0.0,,48,32,,,,,,
805,USW00094728,"NY CITY CENTRAL PARK, NY US",2018-03-16,9.84,0.0,0.0,0.0,,40,30,,,,,,
806,USW00094728,"NY CITY CENTRAL PARK, NY US",2018-03-17,7.61,0.0,0.0,0.0,,48,27,,,,,,
807,USW00094728,"NY CITY CENTRAL PARK, NY US",2018-03-18,6.26,0.0,0.0,0.0,,43,28,,,,,,
808,USW00094728,"NY CITY CENTRAL PARK, NY US",2018-03-19,5.82,0.0,0.0,0.0,,47,33,,,,,,
809,USW00094728,"NY CITY CENTRAL PARK, NY US",2018-03-20,8.95,0.0,0.0,0.0,,39,30,,,,,,
810,USW00094728,"NY CITY CENTRAL PARK, NY US",2018-03-21,10.74,0.99,8.2,0.0,,39,31,1.0,1.0,,,,
811,USW00094728,"NY CITY CENTRAL PARK, NY US",2018-03-22,6.71,0.06,0.2,7.9,,50,32,1.0,,,,,1.0
812,USW00094728,"NY CITY CENTRAL PARK, NY US",2018-03-23,5.59,0.0,0.0,1.2,,49,35,,,,,,
813,USW00094728,"NY CITY CENTRAL PARK, NY US",2018-03-24,6.04,0.0,0.0,0.0,,51,35,,,,,,
814,USW00094728,"NY CITY CENTRAL PARK, NY US",2018-03-25,8.28,0.0,0.0,0.0,,45,33,,,,,,
815,USW00094728,"NY CITY CENTRAL PARK, NY US",2018-03-26,5.82,0.0,0.0,0.0,,50,34,,,,,,
816,USW00094728,"NY CITY CENTRAL PARK, NY US",2018-03-27,3.36,0.01,0.0,0.0,,47,34,1.0,,,,,
817,USW00094728,"NY CITY CENTRAL PARK, NY US",2018-03-28,4.03,0.03,0.0,0.0,,52,38,1.0,,,,,
818,USW00094728,"NY CITY CENTRAL PARK, NY US",2018-03-29,2.91,0.03,0.0,0.0,,53,49,1.0,,,,,1.0
819,USW00094728,"NY CITY CENTRAL PARK, NY US",2018-03-30,4.03,0.03,0.0,0.0,,62,44,1.0,,,,,1.0
820,USW00094728,"NY CITY CENTRAL PARK, NY US",2018-03-31,6.49,0.0,0.0,0.0,,58,39,,,,,,
821,USW00094728,"NY CITY CENTRAL PARK, NY US",2018-04-01,6.71,0.0,0.0,0.0,,60,43,,,,,,
822,USW00094728,"NY CITY CENTRAL PARK, NY US",2018-04-02,5.82,0.59,5.5,5.1,,43,33,1.0,1.0,,,,
823,USW00094728,"NY CITY CENTRAL PARK, NY US",2018-04-03,4.7,0.26,0.0,0.0,,43,39,1.0,,,,,1.0
824,USW00094728,"NY CITY CENTRAL PARK, NY US",2018-04-04,8.5,0.04,0.0,0.0,,56,40,1.0,,,,,1.0
825,USW00094728,"NY CITY CENTRAL PARK, NY US",2018-04-05,8.72,0.0,0.0,0.0,,45,34,,,,,,
826,USW00094728,"NY CITY CENTRAL PARK, NY US",2018-04-06,4.92,0.11,0.0,0.0,,62,37,1.0,,,,,
827,USW00094728,"NY CITY CENTRAL PARK, NY US",2018-04-07,7.38,0.0,0.0,0.0,,49,37,,,,,,
828,USW00094728,"NY CITY CENTRAL PARK, NY US",2018-04-08,8.5,0.0,0.0,0.0,,46,32,,,,,,
829,USW00094728,"NY CITY CENTRAL PARK, NY US",2018-04-09,5.37,0.0,0.0,0.0,,49,32,,,,,,
830,USW00094728,"NY CITY CENTRAL PARK, NY US",2018-04-10,4.92,0.01,0.0,0.0,,51,38,1.0,,,,,1.0
831,USW00094728,"NY CITY CENTRAL PARK, NY US",2018-04-11,3.8,0.0,0.0,0.0,,51,37,,,,,,
832,USW00094728,"NY CITY CENTRAL PARK, NY US",2018-04-12,5.59,0.0,0.0,0.0,,63,46,,,,,,1.0
833,USW00094728,"NY CITY CENTRAL PARK, NY US",2018-04-13,5.59,0.0,0.0,0.0,,82,60,,,,,,
834,USW00094728,"NY CITY CENTRAL PARK, NY US",2018-04-14,7.38,0.0,0.0,0.0,,77,44,1.0,,,,,1.0
835,USW00094728,"NY CITY CENTRAL PARK, NY US",2018-04-15,12.3,0.47,0.0,0.0,,44,38,1.0,,,,,1.0
836,USW00094728,"NY CITY CENTRAL PARK, NY US",2018-04-16,11.41,2.82,0.0,0.0,,60,39,1.0,,1.0,,,
837,USW00094728,"NY CITY CENTRAL PARK, NY US",2018-04-17,8.5,0.0,0.0,0.0,,47,39,,,,,,
838,USW00094728,"NY CITY CENTRAL PARK, NY US",2018-04-18,6.49,0.0,0.0,0.0,,55,37,,,,,,
839,USW00094728,"NY CITY CENTRAL PARK, NY US",2018-04-19,7.61,0.15,0.0,0.0,,49,38,1.0,,,,,
840,USW00094728,"NY CITY CENTRAL PARK, NY US",2018-04-20,8.5,0.0,0.0,0.0,,50,37,,,,,,
841,USW00094728,"NY CITY CENTRAL PARK, NY US",2018-04-21,5.82,0.0,0.0,0.0,,63,39,,,,,,
842,USW00094728,"NY CITY CENTRAL PARK, NY US",2018-04-22,4.25,0.0,0.0,0.0,,67,44,,,,,,
843,USW00094728,"NY CITY CENTRAL PARK, NY US",2018-04-23,4.47,0.0,0.0,0.0,,68,46,,,,,,
844,USW00094728,"NY CITY CENTRAL PARK, NY US",2018-04-24,4.25,0.05,0.0,0.0,,66,46,1.0,,,,,
845,USW00094728,"NY CITY CENTRAL PARK, NY US",2018-04-25,3.8,0.95,0.0,0.0,,60,52,1.0,,,,,
846,USW00094728,"NY CITY CENTRAL PARK, NY US",2018-04-26,4.92,0.1,0.0,0.0,,70,55,1.0,,,,,
847,USW00094728,"NY CITY CENTRAL PARK, NY US",2018-04-27,2.46,0.05,0.0,0.0,,59,51,1.0,,,,,1.0
848,USW00094728,"NY CITY CENTRAL PARK, NY US",2018-04-28,3.36,0.1,0.0,0.0,,68,50,1.0,,,,,1.0
849,USW00094728,"NY CITY CENTRAL PARK, NY US",2018-04-29,5.82,0.08,0.0,0.0,,59,47,1.0,,,,,
850,USW00094728,"NY CITY CENTRAL PARK, NY US",2018-04-30,5.14,0.0,0.0,0.0,,51,44,,,,,,
851,USW00094728,"NY CITY CENTRAL PARK, NY US",2018-05-01,4.25,0.0,0.0,0.0,,80,48,,,,,,
852,USW00094728,"NY CITY CENTRAL PARK, NY US",2018-05-02,5.37,0.0,0.0,0.0,,90,65,,,,,,
853,USW00094728,"NY CITY CENTRAL PARK, NY US",2018-05-03,5.37,0.02,0.0,0.0,,92,70,1.0,,,,,
854,USW00094728,"NY CITY CENTRAL PARK, NY US",2018-05-04,3.58,0.0,0.0,0.0,,84,72,,,,,,1.0
855,USW00094728,"NY CITY CENTRAL PARK, NY US",2018-05-05,4.92,0.0,0.0,0.0,,76,61,,,,,,
856,USW00094728,"NY CITY CENTRAL PARK, NY US",2018-05-06,3.8,0.0,0.0,0.0,,66,56,,,,,,
857,USW00094728,"NY CITY CENTRAL PARK, NY US",2018-05-07,2.01,0.0,0.0,0.0,,77,54,,,,,,
858,USW00094728,"NY CITY CENTRAL PARK, NY US",2018-05-08,1.79,0.0,0.0,0.0,,74,53,,,,,,
859,USW00094728,"NY CITY CENTRAL PARK, NY US",2018-05-09,2.24,0.0,0.0,0.0,,77,54,1.0,,,,,1.0
860,USW00094728,"NY CITY CENTRAL PARK, NY US",2018-05-10,2.68,0.25,0.0,0.0,,66,54,1.0,,1.0,,,
861,USW00094728,"NY CITY CENTRAL PARK, NY US",2018-05-11,3.58,0.0,0.0,0.0,,73,60,,,,,,
862,USW00094728,"NY CITY CENTRAL PARK, NY US",2018-05-12,3.58,0.22,0.0,0.0,,63,51,1.0,,,,,
863,USW00094728,"NY CITY CENTRAL PARK, NY US",2018-05-13,2.46,0.1,0.0,0.0,,54,52,1.0,,,,,
864,USW00094728,"NY CITY CENTRAL PARK, NY US",2018-05-14,1.34,0.03,0.0,0.0,,71,52,1.0,,,,,1.0
865,USW00094728,"NY CITY CENTRAL PARK, NY US",2018-05-15,2.68,0.58,0.0,0.0,,88,61,1.0,,1.0,,,1.0
866,USW00094728,"NY CITY CENTRAL PARK, NY US",2018-05-16,2.46,0.34,0.0,0.0,,64,56,1.0,,,,,
867,USW00094728,"NY CITY CENTRAL PARK, NY US",2018-05-17,1.12,0.22,0.0,0.0,,71,56,1.0,,,,,1.0
868,USW00094728,"NY CITY CENTRAL PARK, NY US",2018-05-18,5.82,0.0,0.0,0.0,,67,56,1.0,,,,,
869,USW00094728,"NY CITY CENTRAL PARK, NY US",2018-05-19,4.03,0.65,0.0,0.0,,56,49,1.0,,,,,
870,USW00094728,"NY CITY CENTRAL PARK, NY US",2018-05-20,3.8,0.0,0.0,0.0,,81,56,1.0,,,,,
871,USW00094728,"NY CITY CENTRAL PARK, NY US",2018-05-21,2.46,0.0,0.0,0.0,,79,58,,,,,,
872,USW00094728,"NY CITY CENTRAL PARK, NY US",2018-05-22,0.89,0.29,0.0,0.0,,68,55,1.0,,,,,
873,USW00094728,"NY CITY CENTRAL PARK, NY US",2018-05-23,2.46,0.29,0.0,0.0,,81,59,1.0,,,,,
874,USW00094728,"NY CITY CENTRAL PARK, NY US",2018-05-24,2.91,0.0,0.0,0.0,,83,63,,,,,,
875,USW00094728,"NY CITY CENTRAL PARK, NY US",2018-05-25,5.14,0.0,0.0,0.0,,86,65,,,,,,
876,USW00094728,"NY CITY CENTRAL PARK, NY US",2018-05-26,2.01,0.0,0.0,0.0,,89,72,,,1.0,,,
877,USW00094728,"NY CITY CENTRAL PARK, NY US",2018-05-27,8.28,0.44,0.0,0.0,,80,56,1.0,,1.0,,,
878,USW00094728,"NY CITY CENTRAL PARK, NY US",2018-05-28,1.79,0.0,0.0,0.0,,69,56,,,,,,
879,USW00094728,"NY CITY CENTRAL PARK, NY US",2018-05-29,1.12,0.0,0.0,0.0,,89,63,1.0,,,,,1.0
880,USW00094728,"NY CITY CENTRAL PARK, NY US",2018-05-30,2.24,0.0,0.0,0.0,,78,61,1.0,,,,,1.0
881,USW00094728,"NY CITY CENTRAL PARK, NY US",2018-05-31,2.01,0.1,0.0,0.0,,68,63,1.0,,,,,1.0
